件数,医療機関コード,医療機関名,住所,市町村,電話番号,医師名,診療科目,診療時間_午前,診療時間_午後,月,火,水,木,金,土,日,祝日,休診日_1,休診日_2,休診日_3,オンライン診療,夜間診療,特徴,MAP
1,01-15184 ,角田医院,〒770－8041徳島市上八万町西山６９５,徳島市,088-644-2122,角田　悦男,小児科,9:00~12:00,14:00~20:00(18:30),1,1,1,1,1,1,0,0,日・祝,0,0,0,0,平日午後は18:30で終了することがあります。,"https://www.google.com/maps/place/%E3%80%92770-8041+%E5%BE%B3%E5%B3%B6%E7%9C%8C%E5%BE%B3%E5%B3%B6%E5%B8%82%E4%B8%8A%E5%85%AB%E4%B8%87%E7%94%BA%E8%A5%BF%E5%B1%B1%EF%BC%96%EF%BC%99%EF%BC%95+%E8%A7%92%E7%94%B0%E5%8C%BB%E9%99%A2/@34.0309542,134.4884915,17z/data=!3m1!4b1!4m6!3m5!1s0x35530c6bcbf543d5:0x206aea77a344040a!8m2!3d34.0309498!4d134.4910664!16s%2Fg%2F11fx58ys8b?entry=ttu"
2,01-15218 ,井上内科胃腸科,〒770－0868徳島市福島１丁目３番４０号,徳島市,088-625-0181,井上　庄二,小児科,9:00~13:00,14:00~18:00,1,1,1,1,1,1,1,0,祝,日（午後）,0,0,0,英語での対応可能です。（※日常会話レベル）,"https://www.google.com/maps/place/%E4%BA%95%E4%B8%8A%E5%86%85%E7%A7%91%E8%83%83%E8%85%B8%E7%A7%91/@34.069434,134.563396,17z/data=!3m1!4b1!4m6!3m5!1s0x35536d694170be73:0x96d93c04f86542a9!8m2!3d34.069434!4d134.563396!16s%2Fg%2F1tdx6jj3?entry=ttu"
3,01-15473 ,北前川診療所,〒770－0806徳島市北前川町３丁目１７－２－２２－２３,徳島市,088-623-3801,近藤　千鶴子,小児科,9:00~13:00,15:00~18:00,1,1,1,1,1,1,0,0,日・祝,水・土（午後）,0,0,0,在宅診療していただけます。,"https://www.google.com/maps/place/%E5%8C%97%E5%89%8D%E5%B7%9D%E8%A8%BA%E7%99%82%E6%89%80/@34.081263,134.553257,17z/data=!3m1!4b1!4m6!3m5!1s0x35536d7cf04f21bb:0x28cd418e780d1a5!8m2!3d34.081263!4d134.553257!16s%2Fg%2F1tdmh92v?entry=ttu"
4,01-15689 ,和田内科循環器科,〒770－0937徳島市富田橋５丁目３０番地２,徳島市,088-654-7280,和田　泰男,小児科,9:00~12:30,14:30~18:30,1,1,1,1,1,1,0,0,日・祝,木・土（午後）,0,0,0,マイナンバーカード保険証利用可能。,"https://www.google.com/maps/place/%E5%92%8C%E7%94%B0%E5%86%85%E7%A7%91/@34.0602794,134.5502998,17z/data=!3m1!4b1!4m6!3m5!1s0x355372a9d621a093:0xfde587963dc15a85!8m2!3d34.0602794!4d134.5502998!16s%2Fg%2F1tk88z04?entry=ttu"
5,01-16380 ,ふくや小児科内科,〒770－8074徳島市八万町下福万１４９－９,徳島市,088-668-1633,福家　浩,小児科,9:00~12:00,13:00~19:00,1,1,1,1,1,1,0,0,日・祝,0,0,0,0,土曜も19:00まで診療しています。,"https://www.google.com/maps/place/%E3%81%B5%E3%81%8F%E3%82%84%E5%B0%8F%E5%85%90%E7%A7%91%E5%86%85%E7%A7%91/@34.050619,134.5324458,17z/data=!3m1!4b1!4m6!3m5!1s0x35530d5a5794c201:0x9cfcc60eb1eca695!8m2!3d34.050619!4d134.5324458!16s%2Fg%2F1tg4tnpr?entry=ttu"
6,01-16398 ,中瀬医院,〒770－0937徳島市富田橋１丁目１１番地２,徳島市,088-623-3758,中瀬　勝則,小児科,9:00~12:30,14:00~18:00,1,1,1,1,1,1,0,0,日・祝,土（午後） ,0,0,0,毎週火曜日14時から医師による糖尿病教室、管理栄養士による栄養指導が行われています。,"https://www.google.com/maps/place/%E4%B8%AD%E7%80%AC%E5%8C%BB%E9%99%A2/@34.066582,134.553547,17z/data=!3m1!4b1!4m6!3m5!1s0x35536d5ec6486c83:0xb569380122681811!8m2!3d34.066582!4d134.553547!16s%2Fg%2F1vppqbl0?entry=ttu"
7,01-16547 ,ひうら小児科,〒770－0025徳島市佐古五番町１０－７,徳島市,088-626-2503,日浦　恭一,小児科,9:00~12:30,14:30~18:00,1,1,1,1,1,1,0,0,日・祝,水・土（午後）,0,0,0,佐古駅から西に約710mでアクセスしやすいです。,"https://www.google.com/maps/place/%E3%81%B2%E3%81%86%E3%82%89%E5%B0%8F%E5%85%90%E7%A7%91/@34.078918,134.53109,17z/data=!3m1!4b1!4m6!3m5!1s0x355372c07751f975:0x9092c9340276b742!8m2!3d34.078918!4d134.53109!16s%2Fg%2F1txc4vtl?entry=ttu"
8,01-16703 ,原田医院,〒770－0808徳島市南前川町４丁目４８,徳島市,088-652-3366,原田　和代,小児科,9:00~13:30,15:00~18:00,1,1,1,1,1,1,0,0,日・祝,水（午前）,土（午後） ,0,0,個人の環境や個性を重視した診療を行っていただけます。,"https://www.google.com/maps/place/%E5%8E%9F%E7%94%B0%E5%8C%BB%E9%99%A2/@34.078918,134.53109,14z/data=!4m10!1m2!2m1!1z5Y6f55Sw5Yy76Zmi44CA5b6z5bO2!3m6!1s0x3553729d72ed0d15:0x408059d12a9e6117!8m2!3d34.0796264!4d134.5491247!15sChXljp_nlLDljLvpmaLjgIDlvrPls7aSAQlpbnRlcm5pc3TgAQA!16s%2Fg%2F1tdkpm6f?entry=ttu"
9,01-16752 ,水沼循環器呼吸器内科,〒770－0045徳島市南庄町四丁目２４番－３,徳島市,088-632-8496,水沼　良幸,小児科,9:00~12:00,15:00~18:30,1,1,1,1,1,1,0,0,日・祝,土（午後） ,0,0,0,駐車場が広く車で利用しやすくなっています。,"https://www.google.com/maps/place/%E3%80%92770-0045+%E5%BE%B3%E5%B3%B6%E7%9C%8C%E5%BE%B3%E5%B3%B6%E5%B8%82%E5%8D%97%E5%BA%84%E7%94%BA%EF%BC%94%E4%B8%81%E7%9B%AE%EF%BC%92%EF%BC%94%E2%88%92%EF%BC%93+%E6%B0%B4%E6%B2%BC%E5%BE%AA%E7%92%B0%E5%99%A8%E5%91%BC%E5%90%B8%E5%99%A8%E5%86%85%E7%A7%91/@34.0696976,134.5082021,17z/data=!3m1!4b1!4m6!3m5!1s0x35530cd40c59f5cf:0x828f8149ab5354aa!8m2!3d34.0696976!4d134.5082021!16s%2Fg%2F11g6ytzsbz?entry=ttu"
10,01-16760 ,さこう内科クリニック,〒770－0872徳島市北沖洲二丁目８番２５号,徳島市,088-664-1717,佐光　春信,小児科,9:00~12:00,14:30~19:00,1,1,1,1,1,1,0,0,日・祝,木（午後）,0,0,0,在宅診療していただけます。,"https://www.google.com/maps/place/%E3%81%95%E3%81%93%E3%81%86%E5%86%85%E7%A7%91%E3%82%AF%E3%83%AA%E3%83%8B%E3%83%83%E3%82%AF/@34.069773,134.588235,17z/data=!3m1!4b1!4m6!3m5!1s0x35536cfe2f1bf715:0x81cbd2a76a90b27e!8m2!3d34.069773!4d134.588235!16s%2Fg%2F1tc_c1nn?entry=ttu"
11,01-16778 ,芦田内科,〒779－3122徳島市国府町府中８０２の１,徳島市,088-642-1481,芦田　信生,小児科,9:00~12:00,14:00~18:00,1,1,1,1,1,0,1,0,祝,日（午後）,0,0,0,訪問診療も行われています。,"https://www.google.com/maps/place/%E8%8A%A6%E7%94%B0%E5%86%85%E7%A7%91/@34.072262,134.476409,17z/data=!3m1!4b1!4m6!3m5!1s0x35530ca0f6e11fe7:0x8eb8d63fc4f89608!8m2!3d34.072262!4d134.476409!16s%2Fg%2F1tvw2rqr?entry=ttu"
12,01-16885 ,真鍋医院,〒770－0805徳島市下助任町３丁目１２－１,徳島市,088-652-9686,真鍋　辰哉,小児科,9:00~12:00,15:00~21:00,1,1,1,1,1,1,0,0,日・祝,水（午後）,0,0,0,迅速な予防・対応に注力されています。,"https://www.google.com/maps/place/%E7%9C%9F%E9%8D%8B%E5%8C%BB%E9%99%A2/@34.081747,134.553605,17z/data=!3m1!4b1!4m6!3m5!1s0x35536d7c5e5a61c7:0x6ac5e5e726aef773!8m2!3d34.081747!4d134.553605!16s%2Fg%2F1tpf4zfg?entry=ttu"
13,01-16968 ,三木内科,〒779－3124徳島市国府町中１０５番地,徳島市,088-642-1024,三木　聡,小児科,9:00~12:00,14:00~18:00,1,1,1,1,1,1,0,0,日・祝,土（午後） ,0,0,0,地域の方に親しまれるような診療所を目指しておられます。,"https://www.google.com/maps/place/%E4%B8%89%E6%9C%A8%E5%86%85%E7%A7%91/@34.069385,134.480628,17z/data=!3m1!4b1!4m6!3m5!1s0x35530ca238bff8b5:0x85fe221f1447f33e!8m2!3d34.069385!4d134.480628!16s%2Fg%2F1tf63997?entry=ttu"
14,01-17057 ,若槻クリニック,〒770－0863徳島市安宅２丁目７－３８,徳島市,088-652-0437,若槻　真吾,小児科,9:00~12:30,14:00~19:00,1,1,1,1,1,1,0,0,日・祝,木（午後）,0,0,0,女性医師による女性外来や、漢方薬による治療も行われています。,"https://www.google.com/maps/place/%E8%8B%A5%E6%A7%BB%E3%82%AF%E3%83%AA%E3%83%8B%E3%83%83%E3%82%AF/@34.069479,134.576708,17z/data=!3m1!4b1!4m6!3m5!1s0x35536d0fc582b5ab:0x2ff606890dbf9765!8m2!3d34.069479!4d134.576708!16s%2Fg%2F1tfps2bj?entry=ttu"
15,01-17123 ,北川内科胃腸科,〒770－0861徳島市住吉４丁目５－１,徳島市,088-655-2005,北川　直之,小児科,9:00~12:30,14:30~18:30,1,1,1,1,1,1,0,0,日・祝,0,0,0,0,地域の方へ貢献できることを一番に考えられています。,"https://www.google.com/maps/place/%E5%8C%97%E5%B7%9D%E5%86%85%E7%A7%91%E8%83%83%E8%85%B8%E7%A7%91/@34.07853,134.569506,17z/data=!3m1!4b1!4m6!3m5!1s0x35536d0b28c56167:0x1b83f761fdaba98f!8m2!3d34.07853!4d134.569506!16s%2Fg%2F1wb8rj4f?entry=ttu"
16,01-17198 ,高杉内科外科小児科脳外科,〒779－3112徳島市国府町芝原字天満２５番１,徳島市,088-642-7474,高杉　晋輔,小児科,9:00~12:30,14:30~18:30,1,1,0,1,1,1,0,0,日・祝（午後）,水,0,0,0,地域に密着した医療をお届けしたいと考えられています。,"https://www.google.com/maps/place/%E9%AB%98%E6%9D%89%E5%86%85%E7%A7%91%E5%A4%96%E7%A7%91%E5%B0%8F%E5%85%90%E7%A7%91%E8%84%B3%E5%A4%96%E7%A7%91/@34.099562,134.463499,17z/data=!3m1!4b1!4m6!3m5!1s0x355374b1a4f3bec5:0x169df4a3952f92c6!8m2!3d34.099562!4d134.463499!16s%2Fg%2F1tdf8y7j?entry=ttu"
17,01-17214 ,住友医院,〒770－0842徳島市通町２丁目１７番地,徳島市,088-652-6514,住友　正治,小児科,8:30~12:00,14:30~18:00,1,1,1,1,1,1,0,0,日・祝,木・土（午後）,0,0,0,在宅診療していただけます。,"https://www.google.com/maps/place/%E4%BD%8F%E5%8F%8B%E5%8C%BB%E9%99%A2/@34.099562,134.463499,12z/data=!4m10!1m2!2m1!1z5L2P5Y-L5Yy76Zmi44CA5b6z5bO2!3m6!1s0x35536d600bcb4839:0xf0c3ff361c233855!8m2!3d34.071662!4d134.551139!15sChXkvY_lj4vljLvpmaLjgIDlvrPls7aSAQlpbnRlcm5pc3TgAQA!16s%2Fg%2F1tfdwp2c?entry=ttu"
18,01-17487 ,聖寿館内科・消化器クリニック,〒770－8051徳島市沖浜町明治開３３１－２４,徳島市,088-611-1126,市原　寿江,小児科,8:30~12:00,15:00~19:00,1,1,1,1,1,1,1,0,祝,水・日（午後）,0,0,0,日曜または休日/祝日診療可能です。（※要相談）,"https://www.google.com/maps/place/%E8%81%96%E5%AF%BF%E9%A4%A8%E5%86%85%E7%A7%91%E3%83%BB%E6%B6%88%E5%8C%96%E5%99%A8%E3%82%AF%E3%83%AA%E3%83%8B%E3%83%83%E3%82%AF/@34.0497438,134.5472518,17z/data=!3m1!4b1!4m6!3m5!1s0x35530d5692ab0895:0x8d4dbe8814531075!8m2!3d34.0497438!4d134.5472518!16s%2Fg%2F1hc489s5v?entry=ttu"
19,01-17594 ,多田医院,〒770－0805徳島市下助任町４丁目１７－３,徳島市,088-622-5225,志村　守彦,小児科,9:00~13:00,14:00~19:00,1,1,1,1,1,1,0,0,日・祝,火（午前）,木・土（午後）,0,0,24時間ネット予約受付中です。,"https://www.google.com/maps/place/%E5%A4%9A%E7%94%B0%E5%8C%BB%E9%99%A2/@34.082144,134.551155,17z/data=!3m1!4b1!4m6!3m5!1s0x35536d7d7274cfff:0xf6d9a110278b02ee!8m2!3d34.082144!4d134.551155!16s%2Fg%2F1tjdc_vl?entry=ttu"
20,01-17628 ,藤井医院,〒770－0861徳島市住吉一丁目４－３９,徳島市,088-622-8356,藤井　登,小児科,9:00~12:30,13:00~18:00,1,1,1,1,1,1,0,0,日・祝,0,0,0,0,24時間ネット予約受付中です。,"https://www.google.com/maps/place/%E8%97%A4%E4%BA%95%E5%8C%BB%E9%99%A2/@34.0748295,134.5649203,17z/data=!3m1!4b1!4m6!3m5!1s0x35536d7210777a71:0x1b41fb0755144ff6!8m2!3d34.0748295!4d134.5649203!16s%2Fg%2F1tmxnv7x?entry=ttu"
21,01-17685 ,協栄内科,〒770－0943徳島市中昭和町２丁目６,徳島市,088-652-2211,上村　るみ子,小児科,9:00~12:00,12:00~20:00,1,1,1,1,1,1,0,0,日・祝,0,0,0,0,在宅診療していただけます。,"https://www.google.com/maps/place/%E5%8D%94%E6%A0%84%E5%86%85%E7%A7%91/@34.0632525,134.5581832,17z/data=!3m1!4b1!4m6!3m5!1s0x35536d5b68a6f127:0x162f964a0808d3dd!8m2!3d34.0632525!4d134.5581832!16s%2Fg%2F1v3hxt4v?entry=ttu"
22,01-23105 ,豊田内科,〒770－0861徳島市住吉２丁目２－３５,徳島市,088-654-5217,豊田　健二,小児科,9:00~12:30,14:00~18:30,1,1,1,1,1,1,0,0,日・祝,水（午後）,0,0,0,LINE予約できます。,"https://www.google.com/maps/place/%E8%B1%8A%E7%94%B0%E5%86%85%E7%A7%91/@34.078375,134.568667,17z/data=!3m1!4b1!4m6!3m5!1s0x35536d74cebec40f:0x6edb7b72cd4b28ab!8m2!3d34.078375!4d134.568667!16s%2Fg%2F1v6qffnk?entry=ttu"
23,01-23261 ,南医院,〒770－0003徳島市北田宮２丁目２番１７号,徳島市,088-631-4824,南　定,小児科,9:00~13:30,14:30~18:30,1,1,1,1,1,1,0,0,日・祝,水（午後）,0,0,0,土曜の診療時間は17:00までとなっております。,"https://www.google.com/maps/place/%E5%8D%97%E5%8C%BB%E9%99%A2/@34.0870505,134.5415262,17z/data=!3m1!4b1!4m6!3m5!1s0x35537285762e240d:0xc43477f03fe46540!8m2!3d34.0870505!4d134.5415262!16s%2Fg%2F1tctjlx6?entry=ttu"
24,01-23352 ,吉村内科小児科,〒770－8052徳島市沖浜２丁目１番地,徳島市,088-626-3002,吉村　達久,小児科,9:00~13:00,14:30~18:00,1,1,1,1,1,1,0,0,日・祝,0,0,0,0,駐車場が広く車で利用しやすくなっています。,"https://www.google.com/maps/place/%E5%90%89%E6%9D%91%E5%86%85%E7%A7%91%E5%B0%8F%E5%85%90%E7%A7%91/@34.0535225,134.5528599,17z/data=!3m1!4b1!4m6!3m5!1s0x35536d54da281803:0xe2975b2d1e315a4f!8m2!3d34.0535225!4d134.5528599!16s%2Fg%2F1tyctgfz?entry=ttu"
25,01-23394 ,くどう内科クリニック,〒770－8064徳島市城南町４丁目１－５,徳島市,088-652-1815,工藤　美千代,小児科,9:00~12:30,14:00~18:00,1,1,1,1,1,1,0,0,日・祝,土（午後）,0,0,0,安心で安全な医療をお届けするためにマスクの着用をお願いいたします。,"https://www.google.com/maps/place/%E3%81%8F%E3%81%A9%E3%81%86%E5%86%85%E7%A7%91%E3%82%AF%E3%83%AA%E3%83%8B%E3%83%83%E3%82%AF/@34.052599,134.542495,17z/data=!3m1!4b1!4m6!3m5!1s0x35530d518fec2dfd:0x872d91b1999eb0e1!8m2!3d34.052599!4d134.542495!16s%2Fg%2F1tjz15fv?entry=ttu"
26,01-23584 ,むつみホスピタル,〒770－0005徳島市南矢三町３丁目１１番２３号,徳島市,088-631-0181,小谷　泰教,小児科,9:00~12:00,13:00~16:00,1,1,1,1,1,1,0,0,日・祝,0,0,0,0,理念：むつみの道”を共に歩み、人生をより豊かなものとし、今を語り合って生きる,"https://www.google.com/maps/place/%E3%82%80%E3%81%A4%E3%81%BF%E3%83%9B%E3%82%B9%E3%83%94%E3%82%BF%E3%83%AB/@34.0829012,134.5194958,17z/data=!3m1!4b1!4m6!3m5!1s0x355372dc67a065a1:0x5dcf7d43afd2d132!8m2!3d34.0829012!4d134.5194958!16s%2Fg%2F1tj82p1_?entry=ttu"
27,01-23717 ,水の都記念病院,〒770－0051徳島市北島田町１丁目４６番１１,徳島市,088-632-9299,佐々木　克哉,小児科,9:00~13:00,14:00~19:00,1,1,1,1,1,1,0,0,日・祝,0,0,0,0,かかりつけ患者様中心の地域に根差した医療を目指しておられます。,"https://www.google.com/maps/place/%E6%B0%B4%E3%81%AE%E9%83%BD%E8%A8%98%E5%BF%B5%E7%97%85%E9%99%A2/@34.0834754,134.5184749,17z/data=!3m1!4b1!4m6!3m5!1s0x355372dd00000001:0xbb6c1ea7a2d7c46d!8m2!3d34.0834754!4d134.5184749!16s%2Fg%2F11fvqh5pfx?entry=ttu"
28,01-23808 ,徳島健生病院,〒770－0805徳島市下助任町４丁目９番地,徳島市,088-622-7771,佐々木　清美,小児科,9:00~12:00,15:00~18:00,1,1,1,1,1,1,0,0,日・祝,金・土（午後）,0,0,0,紹介状は必要ありません。地域に開かれた、どなた様にもご利用いただける病院です。,"https://www.google.com/maps/place/%E5%BE%B3%E5%B3%B6%E5%81%A5%E5%BA%B7%E7%94%9F%E6%B4%BB%E5%8D%94%E5%90%8C%E7%B5%84%E5%90%88+%E5%BE%B3%E5%B3%B6%E5%81%A5%E7%94%9F%E7%97%85%E9%99%A2/@34.0829584,134.5502596,17z/data=!4m6!3m5!1s0x355372829a7f5881:0xee3ecae026d3a38d!8m2!3d34.0829584!4d134.5502596!16s%2Fg%2F120q2cnk?entry=ttu"
29,01-24129 ,中瀬病院,〒771－1151徳島市応神町古川字戎子野９７番地の１,徳島市,088-665-0819,小島　聖,小児科,9:00~12:00,13:30~18:00,1,1,1,1,1,1,0,0,日・祝,土（午後）,0,0,0,地域の皆様が健康で楽しい生活が送られるような診療上を目指しておられます。,"https://www.google.com/maps/place/%E4%B8%AD%E7%80%AC%E7%97%85%E9%99%A2/@34.0829584,134.5502596,14z/data=!4m10!1m2!2m1!1z5Lit54Cs55eF6Zmi44CA5b6z5bO2!3m6!1s0x35536df334b8dc7f:0xe06e33d4eac415d5!8m2!3d34.1048995!4d134.5562247!15sChXkuK3ngKznl4XpmaLjgIDlvrPls7aSAQhob3NwaXRhbOABAA!16s%2Fg%2F1tct6jw6?entry=ttu"
30,01-24434 ,幸地内科小児科,〒770－0942徳島市昭和町４丁目２３番地の１,徳島市,088-626-0333,佐野　宏,小児科,9:00~12:00,14:00~18:20,1,1,1,1,1,1,0,0,日・祝,木（午後）,0,1,0,オンライン資格確認を行う体制ができています。,"https://www.google.com/maps/place/%E5%B9%B8%E5%9C%B0%E5%86%85%E7%A7%91%E3%83%BB%E5%B0%8F%E5%85%90%E7%A7%91/@34.0622383,134.5619976,17z/data=!3m1!4b1!4m6!3m5!1s0x35536d4381d26eb7:0xe4bb5fc527fabb75!8m2!3d34.0622383!4d134.5619976!16s%2Fg%2F1w4vgr7_?entry=ttu"
31,01-24517 ,篠原内科,〒770－0944徳島市南昭和町６丁目５９番地の１,徳島市,088-622-2008,篠原　明宏,小児科,9:00~13:00,15:00~18:00,1,1,1,1,1,1,0,0,日・祝,木・土（午後）,0,0,0,エビデンスに基づいた治療を行うように心掛けられています。,"https://www.google.com/maps/place/%E7%AF%A0%E5%8E%9F%E5%86%85%E7%A7%91/@34.0555236,134.5643491,17z/data=!3m1!4b1!4m6!3m5!1s0x35536d48b2db30c1:0x2dfbba37ba3b0f7e!8m2!3d34.0555236!4d134.5643491!16s%2Fg%2F1tf45z8b?entry=ttu"
32,01-24616 ,橋本内科,〒770－8003徳島市津田本町４丁目３番７４－１号,徳島市,088-663-1177,橋本　恵美子,小児科,9:00~12:30,14:30~18:00,1,1,1,1,1,1,0,0,日・祝,土（午後）,0,0,0,女医さんが診療してくださいます。,"https://www.google.com/maps/place/%E6%A9%8B%E6%9C%AC%E5%86%85%E7%A7%91/@34.0457084,134.5772035,17z/data=!3m1!4b1!4m6!3m5!1s0x35536d31e29b79d9:0x8a17504818bc8c4c!8m2!3d34.0457084!4d134.5772035!16s%2Fg%2F1tqcj0j6?entry=ttu"
33,01-24798 ,佐藤医院,〒779－3133徳島市入田町笠木２００番地の４,徳島市,088-644-0422,佐藤　隆久,小児科,9:00~12:00,15:00~18:00,1,1,0,1,1,1,0,0,日・祝,水,0,0,0,入田町唯一の病院として、プライマリーケアを中心に在宅医療にも力を入れておられます。,"https://www.google.com/maps/place/%E5%8C%BB%E7%99%82%E6%B3%95%E4%BA%BA+%E4%BD%90%E8%97%A4%E5%8C%BB%E9%99%A2/@34.0408225,134.3747283,12z/data=!4m10!1m2!2m1!1z5L2Q6Jek5Yy76Zmi44CA5b6z5bO2!3m6!1s0x35530bcfba032447:0x91b601a57b690b10!8m2!3d34.0408225!4d134.4447661!15sChXkvZDol6TljLvpmaLjgIDlvrPls7aSAQ5tZWRpY2FsX2NsaW5pY-ABAA!16s%2Fg%2F1v4k4b9d?entry=ttu"
34,01-24863 ,島田内科,〒771－0137徳島市川内町平石若宮１１４番地,徳島市,088-665-1100,島田　久夫,小児科,9:00~12:30,14:30~18:30,1,1,1,1,1,1,0,0,日・祝,木・土（午後）,0,0,0,地域の要望に答えることを課題として診療されています。,"https://www.google.com/maps/place/%E5%B3%B6%E7%94%B0%E5%86%85%E7%A7%91/@34.1053613,134.5801243,17z/data=!3m1!4b1!4m6!3m5!1s0x35536dd0f99ec81d:0xbf7b94fa5e17667d!8m2!3d34.1053613!4d134.5801243!16s%2Fg%2F1tg65xs6?entry=ttu"
35,01-34918 ,徳島県立中央病院,〒770－8539徳島市蔵本町１丁目１０－３,徳島市,088-631-7151,葉久　貴司,小児科,8:30~17:00,22:30~9:00,1,1,1,1,1,0,0,0,日・祝,土,0,0,1,総合病院です。（※基本的には紹介状が必要です。）,"https://www.google.com/maps/place/%E5%BE%B3%E5%B3%B6%E7%9C%8C%E7%AB%8B%E4%B8%AD%E5%A4%AE%E7%97%85%E9%99%A2/@34.0759622,134.5204443,17z/data=!3m1!4b1!4m6!3m5!1s0x355372d07be6aab7:0x2155f2b5403e9a9d!8m2!3d34.0759622!4d134.5204443!16s%2Fg%2F12269br7?entry=ttu"
36,01-24921 ,徳島市民病院,〒770－0812徳島市北常三島町２丁目３４番地,徳島市,088-622-5121,中野　俊次,小児科,8:30~17:00,19:30~10:30,1,1,1,1,1,0,0,0,日・祝,土,0,0,1,総合病院です。（※基本的には紹介状が必要です。）,"https://www.google.com/maps/place/%E5%BE%B3%E5%B3%B6%E5%B8%82%E6%B0%91%E7%97%85%E9%99%A2/@34.0820782,134.5632281,17z/data=!3m1!4b1!4m6!3m5!1s0x35536d7669d7f5d5:0x4a29380f0e780181!8m2!3d34.0820782!4d134.5632281!16s%2Fg%2F120xjcjm?entry=ttu"
37,01-24996 ,新居内科,〒779－3120徳島市国府町南岩延８１０番地１,徳島市,088-642-1212,新居　友夫,小児科,9:00~12:00,14:00~18:30,1,1,1,1,1,1,0,0,日・祝,0,0,0,1,可能な限り夜間、休日の時間外診療をしていただけます。（※要相談）,"https://www.google.com/maps/place/%E6%96%B0%E5%B1%85%E5%86%85%E7%A7%91/@34.0743382,134.4270613,12z/data=!4m10!1m2!2m1!1z5paw5bGF5YaF56eR44CA5b6z5bO2!3m6!1s0x35530ccb96a3d521:0x2049e2eb384df513!8m2!3d34.0743382!4d134.4970991!15sChXmlrDlsYXlhoXnp5HjgIDlvrPls7aSAQlpbnRlcm5pc3TgAQA!16s%2Fg%2F1tdwh9zt?entry=ttu"
38,01-25035 ,三好内科,〒770－0804徳島市中吉野町２丁目３９番地,徳島市,088-623-0207,三好　由貴子,小児科,9:00~13:00,14:30~18:30,1,1,0,1,1,1,0,0,日・祝,水,0,0,0,安心で安全な医療をお届けするためにマスクの着用をお願いいたします。,"https://www.google.com/maps/place/%E4%B8%89%E5%A5%BD%E5%86%85%E7%A7%91/@34.085541,134.557471,17z/data=!3m1!4b1!4m6!3m5!1s0x35536d78611fa18f:0x19834467aa7f393c!8m2!3d34.085541!4d134.557471!16s%2Fg%2F1tdmmwkm?entry=ttu"
39,01-25134 ,みなと医院,〒770－8003徳島市津田本町２丁目４番１号,徳島市,088-662-1050,湊　博恵,小児科,9:00~13:00,14:30~18:00,1,1,1,0,1,1,0,0,日・祝,木,0,0,0,CTなど最新の医療機器が導入されています。,"https://www.google.com/maps/place/%E3%81%BF%E3%81%AA%E3%81%A8%E5%8C%BB%E9%99%A2/@34.0504236,134.5785261,17z/data=!3m1!4b1!4m6!3m5!1s0x35536d2553115555:0x6ad823ae49b581c5!8m2!3d34.0504236!4d134.5785261!16s%2Fg%2F11gfd1l3g9?entry=ttu"
40,01-25191 ,冨岡医院,〒779－3117徳島市国府町日開９７３番地の１,徳島市,088-642-8111,冨岡　道夫,小児科,9:00~12:30,14:00~19:00,1,1,1,1,1,1,0,0,日・祝,土（午後）,0,0,0,地域に寄り添った診療を心掛けておられます。,"https://www.google.com/maps/place/%E5%86%A8%E5%B2%A1%E5%8C%BB%E9%99%A2/@34.083011,134.477656,17z/data=!3m1!4b1!4m6!3m5!1s0x35530cabd0d0fd7b:0x27821f0ba15086e7!8m2!3d34.083011!4d134.477656!16s%2Fg%2F1v9gs8gl?entry=ttu"
41,01-25290 ,すずえこどもクリニック,〒770－8070徳島市八万町沖須賀２１番１,徳島市,088-668-7676,鈴江　純史,小児科,8:30~12:00,14:00~17:30,1,1,1,1,1,1,0,0,日・祝,水・土（午後）,0,0,0,安心して予防接種が受けられるように完全予約制とし、一般診療との時間帯を分離して行われています。,"https://www.google.com/maps/place/%E3%81%99%E3%81%9A%E3%81%88%E3%81%93%E3%81%A9%E3%82%82%E3%82%AF%E3%83%AA%E3%83%8B%E3%83%83%E3%82%AF/@34.0451529,134.5478612,17z/data=!3m1!4b1!4m6!3m5!1s0x35530d5835368fc9:0x9d0b9b04af3edb3b!8m2!3d34.0451529!4d134.5478612!16s%2Fg%2F1tzgggfl?entry=ttu"
42,01-25407 ,リバーサイドのぞみ病院,〒770－0853徳島市中徳島町２丁目９７番地１,徳島市,088-611-1701,佐々木　奉文,小児科,9:00~12:00,14:00~17:00,1,1,1,1,1,0,0,0,日・祝,土,0,0,0,徳島市中心部国道１１号線沿いに位置し、交通の便に恵まれています。,"https://www.google.com/maps/place/%E3%83%AA%E3%83%90%E3%83%BC%E3%82%B5%E3%82%A4%E3%83%89%E3%81%AE%E3%81%9E%E3%81%BF%E7%97%85%E9%99%A2/@34.076038,134.5589183,17z/data=!3m1!4b1!4m6!3m5!1s0x35536d654371e91b:0x573c8be58d1058c5!8m2!3d34.076038!4d134.5589183!16s%2Fg%2F1tj1pxcz?entry=ttu"
43,01-25423 ,松永病院,〒770－0045徳島市南庄町４丁目６３番地１,徳島市,088-632-3328,松永　厚美,小児科,9:00~12:00,13:30~18:30,1,1,1,1,1,1,0,0,日・祝,0,0,1,0,地域の皆様へ向けた最新の情報はFacebookにて配信されています。,"https://www.google.com/maps/place/%E3%80%92770-0045+%E5%BE%B3%E5%B3%B6%E7%9C%8C%E5%BE%B3%E5%B3%B6%E5%B8%82%E5%8D%97%E5%BA%84%E7%94%BA%EF%BC%94%E4%B8%81%E7%9B%AE%EF%BC%96%EF%BC%93+%E5%8C%BB%E7%99%82%E6%B3%95%E4%BA%BA+%E5%BE%B3%E6%9D%BE%E4%BC%9A+%E6%9D%BE%E6%B0%B8%E7%97%85%E9%99%A2/@34.0721357,134.508905,17z/data=!3m1!4b1!4m6!3m5!1s0x35530cd4b8b8519d:0xfd25df3b11c33706!8m2!3d34.0721357!4d134.508905!16s%2Fg%2F12hlkbw5r?entry=ttu"
44,01-25472 ,天満病院,〒770－0042徳島市蔵本町一丁目５番地１,徳島市,088-632-1520,吉田　健三,小児科,9:00~12:00,13:30~18:00,1,1,1,1,1,1,0,0,日・祝,0,0,0,1,急な発病時は、休日・夜間を問わず診察していただけます。（※要連絡）,"https://www.google.com/maps/place/%E5%A4%A9%E6%BA%80%E7%97%85%E9%99%A2/@34.0778487,134.5200511,17z/data=!3m1!4b1!4m6!3m5!1s0x355372daeba82b6b:0x660af121c4ce669c!8m2!3d34.0778487!4d134.5200511!16s%2Fg%2F11c1vp48v4?entry=ttu"
45,01-25829 ,徳島クリニック,〒770－0942徳島市昭和町１丁目１６番地,徳島市,088-622-7712,小濱　貴良,小児科,8:30~12:30,14:00~18:00,1,1,1,1,1,1,0,0,日・祝,0,0,1,0,JR牟岐線 阿波富田駅 から徒歩5分,"https://www.google.com/maps/place/%E5%8C%BB%E7%99%82%E6%B3%95%E4%BA%BA%E5%B0%8F%E6%B5%9C%E5%86%85%E7%A7%91+%E5%BE%B3%E5%B3%B6%E3%82%AF%E3%83%AA%E3%83%8B%E3%83%83%E3%82%AF/@34.0778487,134.5200511,13z/data=!4m10!1m2!2m1!1z5b6z5bO244Kv44Oq44OL44OD44Kv44CA5b6z5bO2!3m6!1s0x35536d5ceb333ef1:0x27fff673e37a704e!8m2!3d34.064937!4d134.55821!15sCh7lvrPls7bjgq_jg6rjg4vjg4Pjgq_jgIDlvrPls7aSAQlpbnRlcm5pc3TgAQA!16s%2Fg%2F1tct_7h7?entry=ttu"
46,01-25951 ,城南公園内科,〒770－8064徳島市城南町３丁目５番２２号,徳島市,088-656-6661,宮本　泰文,小児科,9:00~12:30,14:30~19:00,1,1,1,1,1,1,0,0,日・祝,0,0,0,0,可能な限り休日の時間外診療をしていただけます。（※要相談）,"https://www.google.com/maps/place/%E5%9F%8E%E5%8D%97%E5%85%AC%E5%9C%92%E5%86%85%E7%A7%91/@34.0539483,134.5370693,17z/data=!3m1!4b1!4m6!3m5!1s0x35530d4ec2d7d0b1:0xbf71eb7b7d5efc37!8m2!3d34.0539483!4d134.5370693!16s%2Fg%2F1thhh9vt?entry=ttu"
47,01-25985 ,冨田内科胃腸科クリニック,〒770－0004徳島市南田宮１丁目３番５０号,徳島市,088-631-6711,冨田　作,小児科,9:00~12:30,14:30~18:30,1,1,1,1,1,1,0,0,日・祝,0,0,0,0,地域に寄り添った診療を心掛けておられます。,"https://www.google.com/maps/place/%E5%86%A8%E7%94%B0%E5%86%85%E7%A7%91%E8%83%83%E8%85%B8%E3%82%AF%E3%83%AA%E3%83%8B%E3%83%83%E3%82%AF/@34.0864097,134.5453593,17z/data=!3m1!4b1!4m6!3m5!1s0x3553728475253a45:0xb235804ef0ab468b!8m2!3d34.0864097!4d134.5453593!16s%2Fg%2F1tt8925q?entry=ttu"
48,01-26017 ,ふじおか小児クリニック,〒770－0942徳島市昭和町８丁目７０番地３,徳島市,088-622-0012,藤岡　智仁,小児科,8:30~12:30,14:00~18:00,1,1,1,1,1,1,0,0,日・祝,土（午後）,0,0,0,お子様の発達で気になることはありませんか？相談にのっていただけます。,"https://www.google.com/maps/place/%E3%81%B5%E3%81%98%E3%81%8A%E3%81%8B%E5%B0%8F%E5%85%90%E3%82%AF%E3%83%AA%E3%83%8B%E3%83%83%E3%82%AF/@34.0560056,134.5698608,17z/data=!3m1!4b1!4m6!3m5!1s0x35536d38668a8b37:0x8d4d64e36f151053!8m2!3d34.0560056!4d134.5698608!16s%2Fg%2F1ths74zb?entry=ttu"
49,01-26041 ,文化の森内科,〒770－8079徳島市八万町大坪１８０番地,徳島市,088-668-1377,筒井　芳彦,小児科,9:00~13:00,15:00~21:00,1,1,1,1,1,1,1,1,0,0,0,0,0,年中無休で夜21:00まで診察していただけます。,"https://www.google.com/maps/place/%E6%96%87%E5%8C%96%E3%81%AE%E6%A3%AE%E5%86%85%E7%A7%91/@34.046069,134.528693,17z/data=!3m1!4b1!4m6!3m5!1s0x35530d3e29882805:0x2721def9cd4ea40b!8m2!3d34.046069!4d134.528693!16s%2Fg%2F1tcy6pyk?entry=ttu"
50,01-26058 ,河野内科循環器科,〒770－0863徳島市安宅一丁目４番３４号,徳島市,088-652-2445,河野　智彦,小児科,9:00~12:30,15:00~18:00,1,1,1,0,1,1,0,0,木,日,0,0,0,14:30～15:30は往診等により不在の場合があります。,"https://www.google.com/maps/place/%E6%B2%B3%E9%87%8E%E5%86%85%E7%A7%91%E5%BE%AA%E7%92%B0%E5%99%A8%E7%A7%91/@34.0705878,134.5704774,17z/data=!3m1!4b1!4m6!3m5!1s0x35536d12949c2669:0x926cbeddcc166ede!8m2!3d34.0705878!4d134.5704774!16s%2Fg%2F1tj43qlx?entry=ttu"
51,01-26173 ,日下医院,〒771－0115徳島市川内町宮島浜１０４番地,徳島市,088-665-0351,日下　香苗,小児科,8:30~12:00,15:30~18:30,1,1,1,1,1,1,0,0,日・祝,0,0,0,0,とても親切で人柄の良い先生です。,"https://www.google.com/maps/place/%E6%97%A5%E4%B8%8B%E5%8C%BB%E9%99%A2/@34.0938772,134.5837969,17z/data=!3m1!4b1!4m6!3m5!1s0x35536dcb109a1d59:0x774b307c224cbac0!8m2!3d34.0938728!4d134.5863718!16s%2Fg%2F1td1b784?entry=ttu"
52,01-26231 ,鎌田耳鼻咽喉科クリニック,〒770－0047徳島市名東町１丁目１１７番地,徳島市,088-633-1233,鎌田　利彦,小児科,9:00~12:30,14:30~18:00,1,1,1,1,1,1,0,0,日・祝,木（午後）,0,0,0,土曜のみ16:30までです。,"https://www.google.com/maps/place/%E9%8E%8C%E7%94%B0%E8%80%B3%E9%BC%BB%E5%92%BD%E5%96%89%E7%A7%91%E3%82%AF%E3%83%AA%E3%83%8B%E3%83%83%E3%82%AF/@34.0667209,134.5010604,17z/data=!3m1!4b1!4m6!3m5!1s0x35530cd005929701:0x25b35e1ffc39ba9a!8m2!3d34.0667165!4d134.5036353!16s%2Fg%2F1tcvm2hz?entry=ttu"
53,01-26256 ,宮内クリニック,〒770－0047徳島市名東町二丁目６６０番地１,徳島市,088-633-5535,宮内　吉男,小児科,9:00~18:30,0,1,1,1,1,1,1,0,0,日・祝,木（午後）,0,0,0,子供からお年寄りまで丁寧な診療を心掛けています。,"https://www.google.com/maps/place/%E5%AE%AE%E5%86%85%E3%82%AF%E3%83%AA%E3%83%8B%E3%83%83%E3%82%AF/@34.0620044,134.4898831,17z/data=!3m1!4b1!4m6!3m5!1s0x35530c9567f39c63:0xc0f199665489a2a8!8m2!3d34.062!4d134.492458!16s%2Fg%2F1tpppspx?entry=ttu"
54,01-26306 ,金沢クリニック,〒770－0871徳島市金沢二丁目２番５５号,徳島市,088-664-6644,松本　多津子,小児科,9:00~12:30,14:00~18:30,1,1,1,1,1,1,0,0,日・祝,0,0,0,0,スタッフ一同、気軽に質問いただけるような雰囲気づくりをめざしています。,"https://www.google.com/maps/place/%E9%87%91%E6%B2%A2%E3%82%AF%E3%83%AA%E3%83%8B%E3%83%83%E3%82%AF/@34.0716278,134.5837276,17z/data=!3m1!4b1!4m6!3m5!1s0x35536d0048f66d15:0xd5d021526a3990e3!8m2!3d34.0716234!4d134.5863025!16s%2Fg%2F1thsp69z?entry=ttu"
55,01-26330 ,横井内科クリニック,〒770－0939徳島市かちどき橋１丁目４０番地の１,徳島市,088-657-0188,横井　孝文,小児科,9:00~13:00,14:30~18:30,1,1,1,1,1,1,0,0,日・祝,0,0,0,0,質の高い在宅医療が提供できるように心掛けています。,"https://www.google.com/maps/place/%E6%A8%AA%E4%BA%95%E5%86%85%E7%A7%91%E3%82%AF%E3%83%AA%E3%83%8B%E3%83%83%E3%82%AF/@34.0640944,134.5535771,17z/data=!3m1!4b1!4m6!3m5!1s0x35536d5b92e7f7e7:0x2452919877825cc3!8m2!3d34.06409!4d134.556152!16s%2Fg%2F1tghmf5v?entry=ttu"
56,01-26355 ,たかはし内科,〒779－3123徳島市国府町観音寺２２７番地の１,徳島市,088-643-0122,高橋　安毅,小児科,9:00~12:00,14:00~19:00,1,1,1,1,1,1,0,0,日・祝,木（午後）,0,0,0,点滴用の専用椅子を設定しています。,"https://www.google.com/maps/place/%E3%81%9F%E3%81%8B%E3%81%AF%E3%81%97%E5%86%85%E7%A7%91/@34.0711436,134.4704991,17z/data=!3m1!4b1!4m6!3m5!1s0x35530b607a287adb:0x60868acc6497c69f!8m2!3d34.0711392!4d134.473074!16s%2Fg%2F1v9txqlm?entry=ttu"
57,01-26363 ,おかがわ内科・小児科,〒770－0861徳島市住吉１丁目１０番１９号,徳島市,088-656-0022,岡川　和人,小児科,8:30~12:30,14:00~18:00,1,1,1,1,1,1,1,0,祝,木・日（午後）,0,0,0,総合的に判断し適切な医療を提供していただけます。,"https://www.google.com/maps/place/%E3%81%8A%E3%81%8B%E3%81%8C%E3%82%8F%E5%86%85%E7%A7%91%E3%83%BB%E5%B0%8F%E5%85%90%E7%A7%91/@34.0730313,134.5608489,17z/data=!3m1!4b1!4m6!3m5!1s0x35536d3f07b5a27b:0x33b85b4d5891d001!8m2!3d34.0730269!4d134.5634238!16s%2Fg%2F11lgt_98tf?entry=ttu"
58,01-26421 ,岡部内科クリニック,〒771－0130徳島市川内町加賀須野４３７番地の３,徳島市,088-665-6008,岡部　達彦,小児科,9:00~12:00,15:30~18:00,1,1,1,1,1,1,0,0,日・祝,0,0,0,0,わかりやすく、正確で丁寧な診療を心掛けています。,"https://www.google.com/maps/place/%E5%B2%A1%E9%83%A8%E5%86%85%E7%A7%91%EF%BC%88%E5%B0%8F%E5%85%90%E7%A7%91%EF%BC%89%E3%82%AF%E3%83%AA%E3%83%8B%E3%83%83%E3%82%AF/@34.1260006,134.5736975,17z/data=!3m1!4b1!4m6!3m5!1s0x35536e6f21d0d4c7:0xc44a07dd83a11b3e!8m2!3d34.1259962!4d134.5762724!16s%2Fg%2F1tgw_vff?entry=ttu"
59,01-26439 ,徳島市夜間休日急病診療所,〒770－8053徳島市沖浜東２丁目１６番地,徳島市,088-622-3576,宇都宮　正登,小児科,9:00~22:30,19:30~22:30,1,1,1,1,1,1,1,1,0,0,0,0,1,平日以外は9:00~22:30まで診察していただけます。（※要連絡）,"https://www.google.com/maps/place/%E5%BE%B3%E5%B3%B6%E5%B8%82%E5%A4%9C%E9%96%93%E4%BC%91%E6%97%A5%E6%80%A5%E7%97%85%E8%A8%BA%E7%99%82%E6%89%80(%E3%81%B5%E3%82%8C%E3%81%82%E3%81%84%E5%81%A5%E5%BA%B7%E9%A4%A8+%E5%A4%9C%E9%96%93%E4%BC%91%E6%97%A5%E6%80%A5%E7%97%85%E8%A8%BA%E7%99%82%E6%89%80)/@34.0523294,134.5513941,17z/data=!3m2!4b1!5s0x355312ab4cf36201:0x8aec2bf6c58d83ff!4m6!3m5!1s0x355312ab4b4a5a61:0x8ea230f9bd9c11a7!8m2!3d34.052325!4d134.553969!16s%2Fg%2F1tgfb5d4?entry=ttu"
60,01-26512 ,立花耳鼻咽喉科医院,〒770－0861徳島市住吉６丁目１番７－３号,徳島市,088-626-3387,立花　文寿,小児科,8:30~12:30,2:45~18:30,1,1,1,1,1,1,0,0,日・祝,木（午後）,0,1,0,皆さんの症状を的確に診察、診療していただけます。何でもご相談くださいとのことです。,"https://www.google.com/maps/place/%E7%AB%8B%E8%8A%B1%E8%80%B3%E9%BC%BB%E5%92%BD%E5%96%89%E7%A7%91%E5%8C%BB%E9%99%A2/@34.0760543,134.5735754,17z/data=!3m1!4b1!4m6!3m5!1s0x35536d09ac8473d1:0x8360b96d0eea5d6!8m2!3d34.0760499!4d134.5761503!16s%2Fg%2F1tk6n4dk?entry=ttu"
61,01-26561 ,米田内科クリニック,〒770－8082徳島市八万町川南５６番地の１,徳島市,088-668-8511,米田　賢治,小児科,8:45~12:00,14:00~18:30,1,1,1,1,1,1,0,0,日・祝,0,0,0,0,病院内は清潔感があり、気持ちよく診療を受けれます。,"https://www.google.com/maps/place/%E7%B1%B3%E7%94%B0%E5%86%85%E7%A7%91%E3%82%AF%E3%83%AA%E3%83%8B%E3%83%83%E3%82%AF/@34.0438044,134.5385121,17z/data=!3m2!4b1!5s0x35530d5cb6ea1f05:0xb9e120d30948b91b!4m6!3m5!1s0x35530d5cb67cfa55:0x57fbed2d9b1da4c8!8m2!3d34.0438!4d134.541087!16s%2Fg%2F1tdvs3w1?entry=ttu"
62,01-26595 ,田山チャイルドクリニック,〒770－0006徳島市北矢三町３丁目３番４１号,徳島市,088-633-2055,田山　正伸,小児科,9:00~12:00,14:30~18:00,1,1,1,1,1,1,0,0,日・祝,水（午後）,0,0,0,診療時間外でも診療していただける場合があります。（※要相談）,"https://www.google.com/maps/place/%E7%94%B0%E5%B1%B1%E3%83%81%E3%83%A3%E3%82%A4%E3%83%AB%E3%83%89%E3%82%AF%E3%83%AA%E3%83%8B%E3%83%83%E3%82%AF/@34.0885203,134.5176596,17z/data=!3m1!4b1!4m6!3m5!1s0x355372948bc3b94b:0x238f2d7b0d994a1f!8m2!3d34.0885159!4d134.5202345!16s%2Fg%2F1vzg01sh?entry=ttu"
63,01-26629 ,えもとこどもクリニック,〒770－0872徳島市北沖洲３丁目１番２４,徳島市,088-664-8580,榎本　新也,小児科,9:00~12:00,15:00~18:00,1,1,1,1,1,1,0,0,日・祝,水・土（午後）,0,0,0,理念：医学・医療の進歩に絶えず学び、クリニックとしてできる最良の医療を提供します,"https://www.google.com/maps/place/%E3%81%88%E3%82%82%E3%81%A8%E3%81%93%E3%81%A9%E3%82%82%E3%82%AF%E3%83%AA%E3%83%8B%E3%83%83%E3%82%AF/@34.0660373,134.5852405,17z/data=!3m1!4b1!4m6!3m5!1s0x35536d027f8563d7:0x48861cca2f578bef!8m2!3d34.0660329!4d134.5878154!16s%2Fg%2F1vfn4g9h?entry=ttu"
64,01-26777 ,とくしま耳鼻咽喉科クリニック,〒771－1154徳島市応神町東貞方字北野９３番地１,徳島市,088-683-3987,棚本　洋文,小児科,8:45~13:00,14:30~18:00,1,1,0,1,1,1,0,0,日・祝,水・土（午後）,0,1,0,キッズスペースがあります。,"https://www.google.com/maps/place/%E3%81%A8%E3%81%8F%E3%81%97%E3%81%BE%E8%80%B3%E9%BC%BB%E5%92%BD%E5%96%89%E7%A7%91%E3%82%AF%E3%83%AA%E3%83%8B%E3%83%83%E3%82%AF/@34.1240628,134.5188295,17z/data=!3m1!4b1!4m6!3m5!1s0x14e1b53c14bf71a1:0x80d433e2ac08595b!8m2!3d34.1240584!4d134.5214044!16s%2Fg%2F11b5wqxt31?entry=ttu"
65,01-26827 ,祖川産婦人科クリニック,〒770－0003徳島市北田宮３丁目５番６５号,徳島市,088-633-1133,祖川　英至,小児科,9:00~12:30,14:00~18:00,1,1,1,1,1,1,0,0,日・祝,木（午後）,0,0,0,土曜日の午後は大学病院医師の診察になります。,"https://www.google.com/maps/place/%E7%A5%96%E5%B7%9D%E7%94%A3%E5%A9%A6%E4%BA%BA%E7%A7%91%E3%82%AF%E3%83%AA%E3%83%8B%E3%83%83%E3%82%AF/@34.0881496,134.5363417,17z/data=!3m1!4b1!4m6!3m5!1s0x355373009397706f:0xcea02147788925c3!8m2!3d34.0881452!4d134.5389166!16s%2Fg%2F11nx3jcz_g?entry=ttu"
66,01-26868 ,川口内科循環器クリニック,〒770－8055徳島市山城町西浜傍示１７３番地７,徳島市,088-652-2555,川口　隆,小児科,9:00~13:00,15:00~18:30,1,1,1,1,1,1,0,0,日・祝,水・土（午後）,0,0,0,医師は、男性1名・女性1名で担当、2診体制で診療していただけます。,"https://www.google.com/maps/place/%E2%80%8B%E5%B7%9D%E5%8F%A3%E5%86%85%E7%A7%91%E3%83%BB%E5%BE%AA%E7%92%B0%E5%99%A8%E7%A7%91%E3%83%BB%E8%83%83%E8%85%B8%E7%A7%91%E3%82%AF%E3%83%AA%E3%83%8B%E3%83%83%E3%82%AF/@34.052413,134.5564245,17z/data=!3m1!4b1!4m6!3m5!1s0x35536d5262d047e3:0xc0685fbcd7ba059e!8m2!3d34.0524086!4d134.5589994!16s%2Fg%2F1tl49v_9?entry=ttu"
67,01-26884 ,愛育小児科,〒779－3114徳島市国府町桜間字登々路８番１,徳島市,088-643-1205,平岡　政弘,小児科,8:45~12:30,14:45~18:15,1,1,1,1,1,1,0,0,0,水・土（午後）,0,0,0,カルテのコピーをいただけます。,"https://www.google.com/maps/place/%E6%84%9B%E8%82%B2%E5%B0%8F%E5%85%90%E7%A7%91/@34.0840904,134.4631851,17z/data=!3m1!4b1!4m6!3m5!1s0x35530b501000939d:0x39d707f3341fd7d1!8m2!3d34.084086!4d134.46576!16s%2Fg%2F1tf7pz2x?entry=ttu"
68,01-26926 ,ひろクリニック,〒770－8076徳島市八万町内浜１５番地６,徳島市,088-667-1600,岩城　美津代,小児科,9:00~12:00,14:00~19:00,1,1,1,1,1,1,0,0,日・祝,0,0,0,0,"女性医師(常勤), マイナンバーカード保険証利用, 駐車場(無料)","https://www.google.com/maps/place/%E3%81%B2%E3%82%8D%E3%82%AF%E3%83%AA%E3%83%8B%E3%83%83%E3%82%AF/@34.0482588,134.5398614,17z/data=!3m1!4b1!4m6!3m5!1s0x35530d5a9b1bee05:0xa80fc63705dc357!8m2!3d34.0482544!4d134.5424363!16s%2Fg%2F1tj489bm?entry=ttu"
69,01-27056 ,ひろこ漢方内科クリニック,〒779－3123徳島市国府町観音寺２２４番地の１,徳島市,088-624-8167,高橋　浩子,小児科,9:00~12:00,13:00~16:00,1,1,1,1,1,1,0,0,日・祝,水・土（午後）,0,0,0,漢方（東洋医学）と西洋医学のいいところをいかした、元気になる、楽しい、わくわくするクリニックです！,"https://www.google.com/maps/place/%E3%81%B2%E3%82%8D%E3%81%93%E6%BC%A2%E6%96%B9%E5%86%85%E7%A7%91%E3%82%AF%E3%83%AA%E3%83%8B%E3%83%83%E3%82%AF/@34.0712334,134.470277,17z/data=!3m1!4b1!4m6!3m5!1s0x35530b607798aa1f:0xcf31858000356efd!8m2!3d34.071229!4d134.4728519!16s%2Fg%2F11b6vbt4k_?entry=ttu"
70,01-27114 ,おおしま内科皮フ科クリニック,〒770－0022徳島市佐古二番町５－２０,徳島市,088-622-1230,大島　康志,小児科,9:00~13:00,14:30~18:00,1,1,1,1,1,1,0,0,日・祝,0,0,0,0,内科と皮膚科の複合医療機関として、地域医療に貢献することを心掛けています。,"https://www.google.com/maps/place/%E3%81%8A%E3%81%8A%E3%81%97%E3%81%BE%E5%86%85%E7%A7%91%E7%9A%AE%E3%83%95%E7%A7%91%E3%82%AF%E3%83%AA%E3%83%8B%E3%83%83%E3%82%AF/@34.0774039,134.5364896,17z/data=!3m1!4b1!4m6!3m5!1s0x35537297da6bc105:0x7305930290ee3e38!8m2!3d34.0773995!4d134.5390645!16s%2Fg%2F11g68x6pmx?entry=ttu"
71,01-27155 ,ひなたクリニック,〒771－1151徳島市応神町古川字戎子野８１番地４,徳島市,088-678-5461,市岡　隆男,小児科,9:00~11:30,14:30~18:00,1,1,1,1,1,1,0,0,日・祝,木,火・土（午後）,0,0,離乳食相談、アレルギー食、食物経口免疫療法、ダニ・スギの減感作療法など、お気軽にご相談ください。,"https://www.google.com/maps/place/%E3%80%92771-1151+%E5%BE%B3%E5%B3%B6%E7%9C%8C%E5%BE%B3%E5%B3%B6%E5%B8%82%E5%BF%9C%E7%A5%9E%E7%94%BA%E5%8F%A4%E5%B7%9D%E6%88%8E%E5%AD%90%E9%87%8E+%E3%81%B2%E3%81%AA%E3%81%9F%E3%82%AF%E3%83%AA%E3%83%8B%E3%83%83%E3%82%AF/@34.10302,134.5538161,17z/data=!4m6!3m5!1s0x35536d8cf17c8223:0xa1993c55d7dce4ac!8m2!3d34.1030156!4d134.556391!16s%2Fg%2F11c4xd56d2?entry=ttu"
72,01-27189 ,山田こどもクリニック,〒770－0053徳島市南島田町四丁目５４番１,徳島市,088-634-0013,山田　進一,小児科,9:00~12:00,15:15~18:15,1,1,1,1,1,1,0,0,日・祝,木（午前）,土（午後）,1,0,こどもと子育てに関わる方々の学びの場、集いの場”Happy子育て応援スペースまんまるん”も併設しています。,"https://www.google.com/maps/place/%E5%B1%B1%E7%94%B0%E3%81%93%E3%81%A9%E3%82%82%E3%82%AF%E3%83%AA%E3%83%8B%E3%83%83%E3%82%AF/@34.0795251,134.5030057,17z/data=!3m1!4b1!4m6!3m5!1s0x35530cba5b5a9313:0x5fbcb0bb7af9271d!8m2!3d34.0795207!4d134.5055806!16s%2Fg%2F1tdvmkdx?entry=ttu"
73,01-27247 ,末広ひなたクリニック,〒770－0866徳島市末広２丁目１番１１１号,徳島市,088-624-8660,松岡　優,小児科,9:00~11:30,14:30~18:00,1,1,1,1,1,1,0,0,日・祝,0,0,0,0,児童発達支援センター「しろくま」も併設されています,"https://www.google.com/maps/place/%E6%9C%AB%E5%BA%83%E3%81%B2%E3%81%AA%E3%81%9F%E3%82%AF%E3%83%AA%E3%83%8B%E3%83%83%E3%82%AF/@34.0655456,134.5697556,17z/data=!3m1!4b1!4m6!3m5!1s0x35536d146bd79f87:0xa887808c7058b4ec!8m2!3d34.0655412!4d134.5723305!16s%2Fg%2F11hbl81gx2?entry=ttu"
74,01-27338 ,みなとクリニック,〒770－8003徳島市津田本町一丁目１番２６号,徳島市,088-663-3710,湊　義彰,小児科,9:00~12:45,14:45~18:30,1,1,1,1,1,1,0,0,日・祝,土（午後）,0,0,0,CTなど最新の医療機器が導入されています。,"https://www.google.com/maps/place/%E3%81%BF%E3%81%AA%E3%81%A8%E3%82%AF%E3%83%AA%E3%83%8B%E3%83%83%E3%82%AF/@34.0519125,134.5735441,17z/data=!4m10!1m2!2m1!1z44G_44Gq44Go44Kv44Oq44OL44OD44Kv44CA5b6z5bO2!3m6!1s0x35536d25528de339:0xb3c47b7e8184b62e!8m2!3d34.0519125!4d134.577664!15sCiHjgb_jgarjgajjgq_jg6rjg4vjg4Pjgq_jgIDlvrPls7aSAQ5tZWRpY2FsX2NsaW5pY-ABAA!16s%2Fg%2F1v_vqr3t?entry=ttu"
75,01-27403 ,こかわ医院,〒770－0831徳島市寺島本町西１丁目１５番地,徳島市,088-622-2125,古川　浩,小児科,9:00~13:00,14:30~18:00,1,1,1,1,1,1,0,0,日・祝,水（午後）,0,0,0,15台の駐車場があります。,"https://www.google.com/maps/place/%E3%81%93%E3%81%8B%E3%82%8F%E5%8C%BB%E9%99%A2/@34.0745627,134.5461104,17z/data=!3m1!4b1!4m6!3m5!1s0x3553729fb2aa9abb:0xf70c29215c69de83!8m2!3d34.0745583!4d134.5486853!16s%2Fg%2F11f11gkkx1?entry=ttu"
76,01-27445 ,名東クリニック,〒770－0047徳島市名東町１丁目９１番地,徳島市,088-624-7236,中間　昌博,小児科,9:00~12:00,0,1,1,1,1,1,0,0,0,日・祝,全曜日の午後,0,0,0,LINE予約できます。,"https://www.google.com/maps/place/%E5%90%8D%E6%9D%B1%E3%82%AF%E3%83%AA%E3%83%8B%E3%83%83%E3%82%AF/@34.0653507,134.5029297,17z/data=!3m1!4b1!4m6!3m5!1s0x35530cd07bdd28bb:0x50965f0f638de608!8m2!3d34.0653463!4d134.5055046!16s%2Fg%2F11cs6chwfm?entry=ttu"
77,01-27502 ,林病院,〒770－8012徳島市大原町千代ケ丸山３０番２０,徳島市,088-663-1188,林　健司,小児科,9:00~12:30,14:30~17:30,1,1,1,1,1,1,0,0,日・祝,土（午後）,0,0,0,最新の医療機器（ＭＲＩ、ＣＴなど）があります。,"https://www.google.com/maps/place/%E6%9E%97%E7%97%85%E9%99%A2/@34.02243,134.5645177,17z/data=!3m1!4b1!4m6!3m5!1s0x355312eaeffc8c77:0xb4b2e142c029edaf!8m2!3d34.0224256!4d134.5670926!16s%2Fg%2F1tgnzmk1?entry=ttu"
78,01-27650 ,かさまつ在宅クリニック,〒770－8054徳島市山城西４丁目１３－３,徳島市,088-679-6393,笠松　哲司,小児科,9:00~12:00,13:00~17:00,1,1,1,1,1,0,0,0,日・祝,土,0,1,0,在宅診療していただけます。,"https://www.google.com/maps/place/%E5%8C%BB%E7%99%82%E6%B3%95%E4%BA%BA%E3%81%8B%E3%81%95%E3%81%BE%E3%81%A4%E5%9C%A8%E5%AE%85%E3%82%AF%E3%83%AA%E3%83%8B%E3%83%83%E3%82%AF/@34.0487104,134.5515726,17z/data=!3m1!4b1!4m6!3m5!1s0x3553131de6d86fa3:0x8c6e6c645b777da0!8m2!3d34.048706!4d134.5541475!16s%2Fg%2F11nn15nj2x?entry=ttu"
79,01-27700 ,おおた在宅クリニック,〒770－0802徳島市吉野本町６丁目４２番地コレクティブハウスなじみ１０１,徳島市,088-656-3001,太田　敦,小児科,9:00~12:00,14:00~17:00,1,1,1,1,1,0,0,0,日・祝,土,0,0,0,在宅診療していただけます。,"https://www.google.com/maps/place/%E3%81%8A%E3%81%8A%E3%81%9F%E5%9C%A8%E5%AE%85%E3%82%AF%E3%83%AA%E3%83%8B%E3%83%83%E3%82%AF/@34.0870413,134.5504511,17z/data=!3m1!4b1!4m6!3m5!1s0x35536d84173b5765:0x827ce6acecebd5e3!8m2!3d34.0870369!4d134.553026!16s%2Fg%2F11fb2yk7wm?entry=ttu"
80,01-27825 ,スリジエ子どもと大人のクリニック,〒770－0003徳島市北田宮２丁目７－７２,徳島市,088-631-0500,川原　和彦,小児科,9:00~12:00,15:00~17:30,1,1,1,1,1,1,0,0,日・祝,水・土（午後）,0,0,0,小さなお子さんからご高齢の方まで安心して通っていただける地域のかかりつけ医を目指されています。,"https://www.google.com/maps/place/%E3%82%B9%E3%83%AA%E3%82%B8%E3%82%A8%E5%AD%90%E3%81%A9%E3%82%82%E3%81%A8%E5%A4%A7%E4%BA%BA%E3%81%AE%E3%82%AF%E3%83%AA%E3%83%8B%E3%83%83%E3%82%AF/@34.088455,134.5421794,17z/data=!3m1!4b1!4m6!3m5!1s0x3553732c9248cfe3:0xf9605cd701d43348!8m2!3d34.0884506!4d134.5447543!16s%2Fg%2F11tdr4ybjw?entry=ttu"
81,02-10118 ,徳島県鳴門病院,〒772－8503鳴門市撫養町黒崎字小谷３２番,鳴門市,088-683-0011,邊見　達彦,小児科,8:30~17:00,0,1,1,1,1,1,0,0,0,日・祝,土,0,0,1,総合病院です。（※基本的には紹介状が必要です。）,"https://www.google.com/maps/place/%E5%BE%B3%E5%B3%B6%E7%9C%8C%E9%B3%B4%E9%96%80%E7%97%85%E9%99%A2/@34.1825258,134.5920986,17z/data=!3m1!4b1!4m6!3m5!1s0x355365844bdc5ddd:0xc58429dce7b872dc!8m2!3d34.1825214!4d134.5946735!16s%2Fg%2F1yfp3mr_3?entry=ttu"
82,02-10399 ,高麗耳鼻咽喉科医院,〒772－0002鳴門市撫養町斎田字北浜２０５番地,鳴門市,088-685-1180,高麗　敬司,小児科,9:00~12:30,14:30~18:00,1,1,1,1,0,1,0,0,日・祝,金,木・土（午後）,0,0,先生と看護師さんとの意思疎通がしっかりできており、安心して診察していただけます。,"https://www.google.com/maps/place/%E9%AB%98%E9%BA%97%E8%80%B3%E9%BC%BB%E5%92%BD%E5%96%89%E7%A7%91/@34.1833514,134.5996011,17z/data=!3m1!4b1!4m6!3m5!1s0x3553659221e76031:0x7472d0ef9d10ba88!8m2!3d34.183347!4d134.602176!16s%2Fg%2F1tftzc84?entry=ttu"
83,02-10407 ,元木医院,〒772－0003鳴門市撫養町南浜字東浜５９２,鳴門市,088-685-8282,元木　康文,小児科,9:00~12:00,14:00~17:00,1,1,1,1,1,1,0,0,日・祝,木（午後）,0,0,0,地域に根ざしたかかりつけ診療所です。,"https://www.google.com/maps/place/%E5%85%83%E6%9C%A8%E5%8C%BB%E9%99%A2/@34.1752469,134.6046972,17z/data=!3m1!4b1!4m6!3m5!1s0x355365f4a62c2a01:0x6ce8cd43df2dc0fe!8m2!3d34.1752425!4d134.6072721!16s%2Fg%2F1tlqmtc_?entry=ttu"
84,02-10464 ,原田内科,〒772－0035鳴門市大津町矢倉字六ノ越５番地の９,鳴門市,088-685-3351,原田　慎史,小児科,9:00~12:00,14:00~18:00,1,1,1,1,1,1,0,0,日・祝,木・土（午後）,0,0,0,病む人の心に寄り添いながら、安心していただける診療を心掛けておられます。,"https://www.google.com/maps/place/%E5%8E%9F%E7%94%B0%E5%86%85%E7%A7%91/@34.152214,134.5513613,13z/data=!4m10!1m2!2m1!1z5Y6f55Sw5YaF56eR44CA5b6z5bO2!3m6!1s0x35536f0f34ca4233:0x9cebd3694663319e!8m2!3d34.152214!4d134.59256!15sChXljp_nlLDlhoXnp5HjgIDlvrPls7aSAQ5tZWRpY2FsX2NsaW5pY-ABAA!16s%2Fg%2F1tcv43ys?entry=ttu"
85,02-10506 ,勝良医院,〒772－0002鳴門市撫養町斎田字西発７７の１０番地,鳴門市,088-686-1216,勝良　洋,小児科,9:00~12:00,14:00~18:00,1,1,1,0,1,1,0,0,日・祝,火・土（午後）,0,1,0,鳴門市撫養駅から徒歩5分でアクセスしやすいです。,"https://www.google.com/maps/place/%E5%8B%9D%E8%89%AF%E5%8C%BB%E9%99%A2/@34.1723513,134.5990842,17z/data=!3m1!4b1!4m6!3m5!1s0x35536f62221e0599:0xad83d56fffcdd761!8m2!3d34.1723469!4d134.6016591!16s%2Fg%2F1tf7vjz7?entry=ttu"
86,02-11397 ,中西医院,〒779－0238鳴門市大麻町板東字東山田６９－１,鳴門市,088-689-1508,中西　久貴,小児科,9:00~12:30,16:00~1900,1,1,1,1,1,1,0,0,日・祝,土（午後）,0,0,0,19:00まで診察していただけます。,"https://www.google.com/maps/place/%E4%B8%AD%E8%A5%BF%E5%8C%BB%E9%99%A2/@34.1570694,134.5037191,17z/data=!3m1!4b1!4m6!3m5!1s0x355371711c16b7ff:0xebad9e6c3a19f425!8m2!3d34.157065!4d134.506294!16s%2Fg%2F1tdrv45b?entry=ttu"
87,02-11447 ,高田内科医院,〒772－0001鳴門市撫養町黒崎字松島９６－１０,鳴門市,088-684-0031,高田　幸伸,小児科,9:00~12:30,14:00~18:00,1,1,1,1,1,1,0,0,日・祝,水・土（午後）,0,0,0,鳴門駅から北西に約930mでアクセスしやすいです。,"https://www.google.com/maps/place/%E9%AB%98%E7%94%B0%E5%86%85%E7%A7%91%E5%8C%BB%E9%99%A2/@34.1847708,134.5983816,17z/data=!3m1!4b1!4m6!3m5!1s0x355365919eda1c57:0x6528c278b561dc65!8m2!3d34.1847664!4d134.6009565!16s%2Fg%2F1tdyys65?entry=ttu"
88,02-11538 ,岡﨑内科循環器科,〒772－0051鳴門市鳴門町高島字中島１－１,鳴門市,088-687-2720,岡﨑　誠司,小児科,9:00~12:30,15:00~19:00,1,1,1,1,1,1,0,0,日・祝,木・土（午後）,0,0,0,19:00まで診察していただけます。,"https://www.google.com/maps/place/%E5%B2%A1%E5%B4%8E%E5%86%85%E7%A7%91/@34.1961029,134.5959427,17z/data=!4m6!3m5!1s0x355365a9b0c9a519:0xf2de3206884008f5!8m2!3d34.199254!4d134.5985923!16s%2Fg%2F1vd6_4f_?entry=ttu"
89,02-11587 ,津田ブレインクリニック,〒772－0001鳴門市撫養町黒崎字八幡１１３－１,鳴門市,088-684-3171,津田　敏雄,小児科,9:00~12:30,14:00~17:00,1,1,1,1,1,0,0,0,日・祝,土,金（午後）,0,0,親切で心のこもった医療サービスを心がけていらっしゃる診療所です。,"https://www.google.com/maps/place/%E6%B4%A5%E7%94%B0%E3%83%96%E3%83%AC%E3%82%A4%E3%83%B3%E3%82%AF%E3%83%AA%E3%83%8B%E3%83%83%E3%82%AF/@34.1835624,134.5922071,17z/data=!3m1!4b1!4m6!3m5!1s0x35536584fe5c845f:0x4137934e846cad0c!8m2!3d34.183558!4d134.594782!16s%2Fg%2F1wz50jrm?entry=ttu"
90,02-11595 ,たきファミリークリニック,〒772－0001鳴門市撫養町黒崎字松島４５－６３,鳴門市,088-683-1235,浩樹,小児科,9:00~12:30,14:30~18:00,1,1,1,1,1,1,0,0,日・祝,土（午後）,0,0,0,治療のみでなく、予防にも力を入れていらっしゃる診療所です。,"https://www.google.com/maps/place/%E3%81%9F%E3%81%8D%E3%83%95%E3%82%A1%E3%83%9F%E3%83%AA%E3%83%BC%E3%82%AF%E3%83%AA%E3%83%8B%E3%83%83%E3%82%AF/@34.1929474,134.5958681,17z/data=!3m1!4b1!4m6!3m5!1s0x355365bd6076915d:0x8aca63bc2dfeaf80!8m2!3d34.192943!4d134.598443!16s%2Fg%2F1td1z1_d?entry=ttu"
91,02-11611 ,えだがわ小児科,〒772－0052鳴門市鳴門町三ツ石字芙蓉山下５０５番地,鳴門市,088-687-0930,枝川　卓二,小児科,9:00~11:00,16:00~1800,1,1,1,1,1,1,0,0,日・祝,土（午後）,0,0,0,海沿いにあるアットホームな小児科でとても物腰のやわらかい先生です。,"https://www.google.com/maps/place/%E3%81%88%E3%81%A0%E3%81%8C%E3%82%8F%E5%B0%8F%E5%85%90%E7%A7%91/@34.206172,134.6073519,17z/data=!3m1!4b1!4m6!3m5!1s0x35536434c69062bf:0x79388f5a562a5501!8m2!3d34.2061676!4d134.6099268!16s%2Fg%2F1tf7_dqx?entry=ttu"
92,02-13047 ,レディースクリニック兼松産婦人科,〒772－0003鳴門市撫養町南浜字東浜６０１番地,鳴門市,088-685-1103,兼松　豊和,小児科,9:00~12:15,15:00~18:30,1,1,0,1,1,1,0,0,日・祝,水,金（午後）,1,0,安心で安全な医療をお届けするためにマスクの着用をお願いいたします。,"https://www.google.com/maps/place/%E3%83%AC%E3%83%87%E3%82%A3%E3%83%BC%E3%82%B9%E3%82%AF%E3%83%AA%E3%83%8B%E3%83%83%E3%82%AF%E5%85%BC%E6%9D%BE%E7%94%A3%E5%A9%A6%E4%BA%BA%E7%A7%91/@34.1753313,134.6054032,17z/data=!3m1!4b1!4m6!3m5!1s0x355365f35e0e41f5:0xe25c0883f8c2c645!8m2!3d34.1753269!4d134.6079781!16s%2Fg%2F1tdhbvhl?entry=ttu"
93,02-13112 ,田口小児科クリニック,〒772－0041鳴門市大津町大代９９番地の２,鳴門市,088-683-1120,田口　義行,小児科,9:00~12:00,14:30~17:00,1,1,1,1,1,1,0,0,日・祝,木・土（午後）,0,0,0,子供たちの健康を心から祈っていらっしゃる先生です。,"https://www.google.com/maps/place/%E7%94%B0%E5%8F%A3%E5%B0%8F%E5%85%90%E7%A7%91%E3%82%AF%E3%83%AA%E3%83%8B%E3%83%83%E3%82%AF/@34.1590234,134.5758511,17z/data=!3m1!4b1!4m6!3m5!1s0x35536fbacd539a5f:0xe0a9a381cb650077!8m2!3d34.159019!4d134.578426!16s%2Fg%2F1tfm4gzf?entry=ttu"
94,02-13146 ,板東診療所,〒779－0238鳴門市大麻町板東字東山田８番地２,鳴門市,088-689-1252,亀井　俊彦,小児科,8:30~12:30,14:00~18:30,1,1,1,1,1,1,0,0,日・祝,0,0,0,1,CTなど最新の医療機器が導入されています。,"https://www.google.com/maps/place/%E6%9D%BF%E6%9D%B1%E8%A8%BA%E7%99%82%E6%89%80/@34.1573504,134.5059821,17z/data=!3m1!4b1!4m6!3m5!1s0x35537176bb072f5f:0xcd7f52691d7c7bc6!8m2!3d34.157346!4d134.508557!16s%2Fg%2F1ttytkpw?entry=ttu"
95,03-10132 ,碩心館病院,〒773－0014小松島市江田町字大江田４４－１,小松島,0885-32-3555,矢野　勇人,小児科,9:00~12:00,14:30~17:30,1,1,1,1,1,1,0,0,日・祝,土（午後）,0,0,0,先生の理念：病める人には赤心でもって接し、自らは碩心たるを求む,"https://www.google.com/maps/place/%E7%A2%A9%E5%BF%83%E9%A4%A8%E7%97%85%E9%99%A2/@34.0143396,134.5610084,17z/data=!3m1!4b1!4m6!3m5!1s0x355312899d426c9b:0x95e86375de1be9f!8m2!3d34.0143352!4d134.5635833!16s%2Fg%2F1tgglg7w?entry=ttu"
96,03-30219 ,徳島赤十字ひのみね医療療育センター,〒773－0015小松島市中田町字新開４の１,小松島,0885-32-0903,加藤　真介,小児科,9:00~17:30,0,1,1,1,1,1,0,0,0,日・祝,土,0,0,0,予約制ですが、病状などにより急を要する場合は、診察時間内であれば可能な限り相談に応じていただけます。,"https://www.google.com/maps/place/%E5%BE%B3%E5%B3%B6%E8%B5%A4%E5%8D%81%E5%AD%97%E3%81%B2%E3%81%AE%E3%81%BF%E3%81%AD%E7%B7%8F%E5%90%88%E7%99%82%E8%82%B2%E3%82%BB%E3%83%B3%E3%82%BF%E3%83%BC/@34.0166068,134.5808015,17z/data=!3m1!4b1!4m6!3m5!1s0x355312e46e807d7b:0xe9a84cf02b9259a9!8m2!3d34.0166024!4d134.5833764!16s%2Fg%2F1tj8_c16?entry=ttu"
97,03-10157 ,徳島赤十字病院,〒773－8502小松島市小松島町字井利ノ口１０３番地,小松島,0885-32-2555,後藤　哲也,小児科,8:10~19:00,0,1,1,1,1,1,0,0,0,日・祝,土,0,0,0,総合病院で予約制ですが、病状などにより急を要する場合は、診察時間内であれば可能な限り相談に応じていただけます。,"https://www.google.com/maps/place/%E6%97%A5%E6%9C%AC%E8%B5%A4%E5%8D%81%E5%AD%97%E7%A4%BE+%E5%BE%B3%E5%B3%B6%E8%B5%A4%E5%8D%81%E5%AD%97%E7%97%85%E9%99%A2/@34.0124088,134.5808126,17z/data=!3m2!4b1!5s0x355312e352b9430b:0x19d3003d03dc21ee!4m6!3m5!1s0x355312e356b8f229:0xa2a0af31f1f98f8a!8m2!3d34.0124044!4d134.5833875!16s%2Fg%2F12314dwv?entry=ttu"
98,03-10413 ,谷医院,〒773－0017小松島市立江町字江ノ上１番地の１,小松島,0885-37-1003,谷　義彦,小児科,9:00~12:00,14:00~17:00,1,1,1,1,0,1,0,0,日・祝,金,土（午後）,0,1,夜間・休日における急患への対応原則可です。（※要相談）,"https://www.google.com/maps/place/%E8%B0%B7%E5%8C%BB%E9%99%A2/@33.9673158,134.6002773,17z/data=!3m1!4b1!4m6!3m5!1s0x355313dcb113cccb:0x654c793884f28bd1!8m2!3d33.9673114!4d134.6028522!16s%2Fg%2F1tdf8y5h?entry=ttu"
99,03-10496 ,荒河内科,〒773－0017小松島市立江町字宮ノ前４０番地４,小松島,0885-37-1122,荒河　忠治,小児科,8:30~12:30,14:00~18:30,1,1,1,1,1,1,0,0,日・祝,0,0,0,0,呼吸器科、消化器科など幅広い診療科目を取り扱っており、英語にも対応していただけます。,"https://www.google.com/maps/place/%E8%8D%92%E6%B2%B3%E5%86%85%E7%A7%91/@33.9737624,134.6059271,17z/data=!3m1!4b1!4m6!3m5!1s0x355313952d3686e7:0xab643d4f95e4f165!8m2!3d33.973758!4d134.608502!16s%2Fg%2F1tf7vjx_?entry=ttu"
100,03-30110 ,小松島市休日診療所,〒773－0001小松島市小松島町字新港９－１０,小松島,0885-32-0228,藤野　和也,小児科,18:00~9:00,0,1,1,1,1,1,1,1,1,0,0,0,0,0,小松島市および勝浦郡において地域の方々の健康を守るために、交代で夜間および休日の診療に従事しています。,"https://www.google.com/maps/place/%E3%80%92773-0001+%E5%BE%B3%E5%B3%B6%E7%9C%8C%E5%B0%8F%E6%9D%BE%E5%B3%B6%E5%B8%82%E5%B0%8F%E6%9D%BE%E5%B3%B6%E7%94%BA%E6%96%B0%E6%B8%AF%EF%BC%99%E2%88%92%EF%BC%91%EF%BC%90/@34.0101345,134.5860523,17z/data=!3m1!4b1!4m6!3m5!1s0x3553131d4e53e22f:0xc06fd50197c44a4c!8m2!3d34.0101301!4d134.5886272!16s%2Fg%2F11clml7w9t?entry=ttu"
101,03-10538 ,宮本小児科,〒773－0022小松島市大林町字宮ノ本１１３番地１,小松島,0885-37-3567,宮本　直紀,小児科,9:00~12:30,14:30~18:30,1,1,1,0,1,1,0,0,日・祝,木,0,0,0,病院内は明るく清潔感があり、先生、看護師さん、受付の方全てが親切で丁寧に接してくれます。,"https://www.google.com/maps/place/%E5%AE%AE%E6%9C%AC%E5%B0%8F%E5%85%90%E7%A7%91/@33.9783286,134.6126972,17z/data=!3m1!4b1!4m6!3m5!1s0x35531391195ece2d:0x37d6ac62fc634c91!8m2!3d33.9783286!4d134.6126972!16s%2Fg%2F1th84yrd?entry=ttu"
102,03-10561 ,木村内科,〒773－0003小松島市松島町１－７,小松島,0885-32-2001,木村　聡,小児科,9:00~12:30,15:00~18:00,1,1,1,1,1,1,1,0,日・祝,水（午後）,0,0,0,内科と小児科が一緒になっているので親子での診察が必要な時にとても助かります。,"https://www.google.com/maps/place/%E6%9C%A8%E6%9D%91%E5%86%85%E7%A7%91/@34.0381315,134.4625701,12z/data=!4m10!1m2!2m1!1z5pyo5p2R5YaF56eR44CA5b6z5bO2!3m6!1s0x355312fdd40d11b5:0x3b43185b8fe3e9e9!8m2!3d34.0067702!4d134.5857297!15sChXmnKjmnZHlhoXnp5HjgIDlvrPls7aSAQlpbnRlcm5pc3TgAQA!16s%2Fg%2F1vwllz3n?entry=ttu"
103,03-10678 ,赤岩医院,〒773－0017小松島市立江町字宮前２２番地の１,小松島,0885-37-1013,赤岩　務,小児科,9:00~13:00,14:30~18:30,1,1,1,1,1,1,1,0,日・祝,水（午後）,0,0,0,地域に根ざした医療サービスを提供し、患者様の豊かな生活作りに貢献することを理念とされています。,"https://www.google.com/maps/place/%E8%B5%A4%E5%B2%A9%E5%8C%BB%E9%99%A2/@33.971713,134.607349,17z/data=!3m1!4b1!4m6!3m5!1s0x355313ea64901457:0xed14fb82e6506fdb!8m2!3d33.971713!4d134.607349!16s%2Fg%2F1tmg4c2h?entry=ttu"
104,03-11080 ,桂医院,〒773－0003小松島市松島町７番１号,小松島,0885-32-0151,桂　邦夫,小児科,9:00~12:00,14:00~18:00,1,1,1,1,1,1,0,0,日・祝,土（午後）,0,0,0,南小松島駅から徒歩3分、南千歳橋バス停から徒歩1分とアクセスがとてもしやすいです。,"https://www.google.com/maps/place/%E6%A1%82%E5%8C%BB%E9%99%A2/@34.0072723,134.5847347,17z/data=!3m1!4b1!4m6!3m5!1s0x355312fc24268781:0xaa19efe75ffddec4!8m2!3d34.0072723!4d134.5847347!16s%2Fg%2F1tc_z925?entry=ttu"
105,03-11205 ,渚クリニック,〒773－0013小松島市前原町字東１９－３,小松島,08853-2-1705,白河　裕志,小児科,10:00~12:00,13:30~17:30,1,1,1,0,1,1,0,0,日・祝,木,土（午後）,0,0,100台の駐車場を完備しています。,"https://www.google.com/maps/place/%E6%B8%9A%E3%82%AF%E3%83%AA%E3%83%8B%E3%83%83%E3%82%AF/@34.0126705,134.5663348,17z/data=!3m1!4b1!4m6!3m5!1s0x3553128a50b9e3a5:0xf4ac511eec793570!8m2!3d34.0126705!4d134.5663348!16s%2Fg%2F1tp252lm?entry=ttu"
106,03-11312 ,ふじの小児科クリニック,〒773－0023小松島市坂野町字平田１８番地の４,小松島,0885-37-0250,藤野　佳世,小児科,9:00~12:00,14:00~18:30,1,1,1,1,1,1,0,0,日・祝,水（午後）,0,0,0,乳児健診、予防接種、アレルギー疾患の相談、発達の相談、言語リハ、運動器リハなどのリハビリテーションにも力を入れています。,"https://www.google.com/maps/place/%E3%81%B5%E3%81%98%E3%81%AE%E5%B0%8F%E5%85%90%E7%A7%91%E3%82%AF%E3%83%AA%E3%83%8B%E3%83%83%E3%82%AF/@33.9808391,134.6333323,17z/data=!3m1!4b1!4m6!3m5!1s0x355314878588a0e7:0x600d484419e9bd5d!8m2!3d33.9808391!4d134.6333323!16s%2Fg%2F1th59dd4?entry=ttu"
107,04-10015 ,原田病院,〒774－0030阿南市富岡町あ石１４番地１,阿南市,0884-22-0990,原田　晃,小児科,9:00~12:30,13:30~18:00,1,1,1,1,1,1,0,0,日・祝,土（午後）,0,0,0,入院設備あります。,"https://www.google.com/maps/place/%E5%8E%9F%E7%94%B0%E7%97%85%E9%99%A2/@33.9808391,134.6333323,12z/data=!4m10!1m2!2m1!1z5Y6f55Sw55eF6Zmi44CA5b6z5bO2!3m6!1s0x35531689f9c338b3:0x885a1c6e03a806db!8m2!3d33.917926!4d134.662513!15sChXljp_nlLDnl4XpmaLjgIDlvrPls7aSAQhob3NwaXRhbOABAA!16s%2Fg%2F1trsvv1c?entry=ttu"
108,04-10122 ,宮本病院,〒779－1105阿南市羽ノ浦町古庄古野神４番地１４,阿南市,0884-44-4343,宮本　英之,小児科,9:00~12:30,14:00~18:00,1,1,1,1,1,1,0,0,日・祝,木（午後）,0,0,0,入院設備あります。,"https://www.google.com/maps/place/%E5%AE%AE%E6%9C%AC%E7%97%85%E9%99%A2/@34.0097433,134.5704187,12z/data=!4m10!1m2!2m1!1z5a6u5pys55eF6Zmi44CA5b6z5bO2!3m6!1s0x35531152e927ec39:0x866d7ae6d011ace7!8m2!3d33.94136!4d134.624011!15sChXlrq7mnKznl4XpmaLjgIDlvrPls7aSAQhob3NwaXRhbOABAA!16s%2Fg%2F1tg84gn6?entry=ttu"
109,04-10379 ,馬原医院,〒779－1510阿南市新野町信里６番地１,阿南市,0884-36-3339,馬原　啓太郎,小児科,9:00~12:30,14:00~18:00,1,1,1,1,1,1,0,0,日・祝,水（午後）,0,0,0,地域に根ざした医療を提供しており、日本紅斑熱をはじめとした今までに培ってきた豊富な経験と技術で日々診療にあたられています。,"https://www.google.com/maps/place/%E9%A6%AC%E5%8E%9F%E5%8C%BB%E9%99%A2/@33.8470485,134.5996106,17z/data=!3m1!4b1!4m6!3m5!1s0x35531bb1a1cba00b:0x22d4497f27a43678!8m2!3d33.8470485!4d134.5996106!16s%2Fg%2F1vkxk25f?entry=ttu"
110,04-10387 ,土肥医院,〒774－0017阿南市見能林町東石仏２番地,阿南市,0884-22-0503,土肥　正人,小児科,9:00~18:00,0,1,1,1,1,1,0,0,0,日・祝,土,0,0,0,昼時でも診療していただけます。,"https://www.google.com/maps/place/%E5%9C%9F%E8%82%A5%E5%8C%BB%E9%99%A2/@33.902637,134.669468,17z/data=!3m1!4b1!4m6!3m5!1s0x3553165a44b9cf5b:0xf10f84f3340ef83d!8m2!3d33.902637!4d134.669468!16s%2Fg%2F1tg9fcgn?entry=ttu"
111,04-10403 ,岸医院,〒774－0030阿南市富岡町卜ノ町５４番地１,阿南市,0884-23-0272,岸　彰,小児科,9:00~12:30,14:00~18:00,1,1,1,1,1,1,0,0,日・祝,木（午後）,0,0,0,小児科では各種診療に加えて、アトピー性皮膚炎などの皮膚トラブルのご相談も聞いていただけます。,"https://www.google.com/maps/place/%E5%B2%B8%E5%8C%BB%E9%99%A2/@33.920168,134.658552,17z/data=!3m1!4b1!4m6!3m5!1s0x355316894dbd8567:0xb5d88f01c00c799!8m2!3d33.920168!4d134.658552!16s%2Fg%2F1tz93kqv?entry=ttu"
112,04-10502 ,富士医院,〒779－1510阿南市新野町西馬場３番地３,阿南市,0884-36-2024,石川　富士郎,小児科,9:00~12:30,16:00~18:00,1,1,1,1,1,1,0,0,日・祝,0,0,0,0,訪問リハビリテーションを行っています。,"https://www.google.com/maps/place/%E5%AF%8C%E5%A3%AB%E5%8C%BB%E9%99%A2/@33.8477961,134.5783581,17z/data=!3m1!4b1!4m6!3m5!1s0x35531bf85ccc2383:0x12342aec18e25bc0!8m2!3d33.8477917!4d134.580933!16s%2Fg%2F11jg62vq15?entry=ttu"
113,04-11559 ,きくち医院,〒779－1510阿南市新野町南宮ノ久保６７－４,阿南市,0884-36-3512,菊池　健,小児科,9:00~12:00,14:00~18:00,1,1,1,1,1,0,0,0,日・祝,土,火・木（午後）,0,0,出入口がスロープになっており、貸し出し用車いすもあります。,"https://www.google.com/maps/place/%E3%81%8D%E3%81%8F%E3%81%A1%E5%8C%BB%E9%99%A2/@33.8465255,134.576792,17z/data=!3m1!4b1!4m6!3m5!1s0x35531b0d9ac0891f:0x6069ab599091a5eb!8m2!3d33.8465211!4d134.5793669!16s%2Fg%2F1w96dkzf?entry=ttu"
114,04-11567 ,古川小児科内科医院,〒774－0011阿南市領家町土倉１７番地１,阿南市,0884-23-3306,古川　真祐,小児科,9:00~12:00,14:00~18:00,1,1,1,1,1,1,0,0,日・祝,水（午後）,0,0,0,感染症の拡大防止に取り組み、みなさんに安心して来院していただけるよう努められています。,"https://www.google.com/maps/place/%E5%8F%A4%E5%B7%9D%E5%B0%8F%E5%85%90%E7%A7%91%E5%86%85%E7%A7%91%E5%8C%BB%E9%99%A2/@33.9206077,134.665158,17z/data=!3m1!4b1!4m6!3m5!1s0x3553167ca0b8715b:0x2b007e2da37f9a40!8m2!3d33.9206033!4d134.6677329!16s%2Fg%2F1tfw0vt7?entry=ttu"
115,04-13001 ,木下産婦人科内科医院,〒774－0014阿南市学原町上水田１１番地７,阿南市,0884-23-3600,木下　恒夫,小児科,9:00~12:30,14:00~18:00,1,1,1,1,1,1,0,0,日・祝,木（午後）,0,0,0,施設内バリアフリーとなっています。,"https://www.google.com/maps/place/%E6%9C%A8%E4%B8%8B%E7%94%A3%E5%A9%A6%E4%BA%BA%E7%A7%91%E5%86%85%E7%A7%91%E5%8C%BB%E9%99%A2/@33.9135254,134.6624791,17z/data=!3m1!4b1!4m6!3m5!1s0x355316605bf2173f:0x6b180b8e06c836b7!8m2!3d33.913521!4d134.665054!16s%2Fg%2F1tdd328c?entry=ttu"
116,04-13019 ,じぞうばし内科外科福井診療所,〒779－1620阿南市福井町大西１８０番地６,阿南市,0884-34-3133,福田　克之,小児科,9:00~12:30,14:30~18:30,1,1,1,1,1,1,0,0,日・祝,木（午後）,0,0,0,出入口に段差無く、施設内全てに手すりが設置されています。,"https://www.google.com/maps/place/%E3%81%98%E3%81%9E%E3%81%86%E3%81%B0%E3%81%97%E5%86%85%E7%A7%91%E3%83%BB%E5%A4%96%E7%A7%91+%E7%A6%8F%E4%BA%95%E8%A8%BA%E7%99%82%E6%89%80/@33.8385404,134.6210721,17z/data=!3m1!4b1!4m6!3m5!1s0x35531bd5b08e824f:0x128bdcae57f16dc4!8m2!3d33.838536!4d134.623647!16s%2Fg%2F1thv_zx8?entry=ttu"
117,04-13068 ,是松医院,〒774－0021阿南市津乃峰町東分１１２の１番地,阿南市,0884-27-0316,是松　秀樹,小児科,9:00~12:30,14:30~18:00,1,1,1,0,1,0,0,0,日・祝,土,木,1,0,オンラインでの事前問診ができます。,"https://www.google.com/maps/place/%E6%98%AF%E6%9D%BE%E5%8C%BB%E9%99%A2/@33.8878794,134.6490061,17z/data=!3m1!4b1!4m6!3m5!1s0x355317119ece4045:0xc1b8f9a3e19c1c35!8m2!3d33.887875!4d134.651581!16s%2Fg%2F1vwllz3x?entry=ttu"
118,04-13076 ,健生阿南診療所,〒774－0021阿南市津乃峰町新浜１２,阿南市,0884-27-2848,林　和廣,小児科,9:00~12:30,16:00~18:30,1,0,1,1,1,0,0,0,日・祝,火・土,木（午後）,0,0,地域と共にある「気軽にかかりやすい」、「安心して頼りになる」診療所を目指しています。,"https://www.google.com/maps/place/%E5%81%A5%E7%94%9F%E9%98%BF%E5%8D%97%E8%A8%BA%E7%99%82%E6%89%80/@33.8860583,134.6592464,17z/data=!3m1!4b1!4m6!3m5!1s0x355317086ae6c927:0xd61a982c0a3d68c1!8m2!3d33.8860539!4d134.6618213!16s%2Fg%2F1tfvf07t?entry=ttu"
119,04-13084 ,島内科眼科医院,〒774－0030阿南市富岡町東新町９９番地,阿南市,0884-22-1147,島　孝仁,小児科,8:30~12:00,15:00~18:00,1,1,0,1,1,1,0,0,日・祝,水,土（午後）,0,0,小児眼科も対応しておりますので、お子様の近視にお悩みの方、学校健診などで指摘をうけた場合など、何でもご相談ください。,"https://www.google.com/maps/place/%E5%B3%B6%E5%86%85%E7%A7%91%E7%9C%BC%E7%A7%91%E5%8C%BB%E9%99%A2/@33.9220412,134.651758,17z/data=!3m1!4b1!4m6!3m5!1s0x3553168e10211991:0x71c54ab6b46e622d!8m2!3d33.9220368!4d134.6543329!16s%2Fg%2F1x6p_lby?entry=ttu"
120,04-13092 ,岩城クリニック,〒774－0014阿南市学原町上水田１１番地１,阿南市,0884-23-5600,亀山　和人,小児科,9:00~13:00,14:00~18:00,1,1,1,1,1,1,0,0,日・祝,0,0,0,0,お子様が病気にかかり、まだ学校や集団保育が困難な一時期に ご家庭に代わり、阿南市が委託する医療機関で預かっていただけます。,"https://www.google.com/maps/place/%E5%B2%A9%E5%9F%8E%E3%82%AF%E3%83%AA%E3%83%8B%E3%83%83%E3%82%AF/@33.9133073,134.6624973,17z/data=!3m2!4b1!5s0x355316605e70309b:0x95f80ea788fec446!4m6!3m5!1s0x355316605ddc7207:0xf99f678747d318ef!8m2!3d33.9133029!4d134.6650722!16s%2Fg%2F1tf38byn?entry=ttu"
121,04-13100 ,幸田耳鼻咽喉科医院,〒774－0030阿南市富岡町今福寺７３番地の３,阿南市,0884-24-3387,幸田　純治,小児科,9:00~12:00,14:30~17:30,1,1,1,0,1,1,0,0,日・祝,木,土（午後）,0,0,清潔感があり疑問があれば何でも聞きやすい雰囲気がある施設です。,"https://www.google.com/maps/place/%E5%B9%B8%E7%94%B0%E8%80%B3%E9%BC%BB%E5%92%BD%E5%96%89%E7%A7%91/@33.9201104,134.6592041,17z/data=!3m1!4b1!4m6!3m5!1s0x35531689b5bbcc15:0x20640cd05f13b346!8m2!3d33.920106!4d134.661779!16s%2Fg%2F1tkjh_t1?entry=ttu"
122,04-13191 ,村上内科外科医院,〒779－1245阿南市那賀川町中島４８２番地,阿南市,0884-42-3110,村上　寛雅,小児科,9:00~12:30,14:30~18:00,1,1,1,1,1,1,0,0,日・祝,木・土（午後）,0,0,0,施設内バリアフリーで、診察はとても慎重に行っていただけます。,"https://www.google.com/maps/place/%E6%9D%91%E4%B8%8A%E5%86%85%E7%A7%91%E5%A4%96%E7%A7%91%E5%8C%BB%E9%99%A2/@33.9400384,134.6665061,17z/data=!3m1!4b1!4m6!3m5!1s0x355315ceec5546fb:0xa34d6a710d505c43!8m2!3d33.940034!4d134.669081!16s%2Fg%2F1tdrc5kg?entry=ttu"
123,04-13241 ,松﨑内科医院,〒774－0048阿南市中大野町北傍示４８３番地１,阿南市,0884-23-5778,松﨑　敏朗,小児科,9:00~12:00,14:30~18:30,1,1,1,1,1,1,0,0,日・祝,木・土（午後）,0,1,0,大野農協前のバス停より徒歩1分、中大野のバス停より徒歩1分、三条通りのバス停より徒歩4分とアクセスしやすくなっています。,"https://www.google.com/maps/place/%E6%9D%BE%E5%B4%8E%E5%86%85%E7%A7%91%E5%8C%BB%E9%99%A2/@33.9322784,134.5901731,17z/data=!3m1!4b1!4m6!3m5!1s0x3553110403333439:0x3bc4f9f9e339e1e0!8m2!3d33.932274!4d134.592748!16s%2Fg%2F1tqtvq7m?entry=ttu"
124,04-13266 ,井坂クリニック,〒774－0021阿南市津乃峰町長浜３７６番地１,阿南市,0884-27-0047,井坂　壽一,小児科,9:00~12:00,14:00~18:00,1,1,1,1,1,1,0,0,日・祝,木（午後）,0,0,0,施設内バリアフリーで、ほくろ・イボの切除・接合手術(保険)といった治療も行えます。,"https://www.google.com/maps/place/%E4%BA%95%E5%9D%82%E3%82%AF%E3%83%AA%E3%83%8B%E3%83%83%E3%82%AF/@33.8884207,134.6520001,17z/data=!3m1!4b1!4m6!3m5!1s0x3553170fc66f88fd:0x5ff780cdcb09e1a2!8m2!3d33.8884163!4d134.654575!16s%2Fg%2F1tgd96rk?entry=ttu"
125,04-13332 ,阿南医療センター,〒774－0045阿南市宝田町川原６番地１,阿南市,0884-28-7777,前田　徹,小児科,8:30~16:45,0,1,1,1,1,1,0,0,0,日・祝,土,0,0,1,総合病院です。紹介状があった方がスムースに診察していただけます。,"https://www.google.com/maps/place/JA%E5%BE%B3%E5%B3%B6%E5%8E%9A%E7%94%9F%E9%80%A3+%E9%98%BF%E5%8D%97%E5%8C%BB%E7%99%82%E3%82%BB%E3%83%B3%E3%82%BF%E3%83%BC/@33.9243238,134.6438768,17z/data=!3m1!4b1!4m6!3m5!1s0x35531695cc016c27:0xce310edf446c475d!8m2!3d33.9243194!4d134.6464517!16s%2Fg%2F1tkdzsgv?entry=ttu"
126,04-13373 ,阿南いしばし医院,〒774－0009阿南市西路見町元村２８番地１,阿南市,0884-22-1484,石橋　直子,小児科,9:00~13:00,16:00~20:00,1,1,1,1,1,1,0,0,日・祝,土（午後）,0,0,0,理念：地域の方々へ思いやりと、温かで信頼される質の高い医療をお届けしたい。,"https://www.google.com/maps/place/%E5%8C%BB%E7%99%82%E6%B3%95%E4%BA%BA%E5%A6%99%E6%B3%89%E4%BC%9A+%E9%98%BF%E5%8D%97%E3%81%84%E3%81%97%E3%81%B0%E3%81%97%E5%8C%BB%E9%99%A2/@33.9272714,134.6720393,17z/data=!3m1!4b1!4m6!3m5!1s0x3553156fccc648fb:0x499f1085821fae4c!8m2!3d33.927267!4d134.6746142!16s%2Fg%2F11flbwxv78?entry=ttu"
127,05-10053 ,岡内科病院,〒779－3601美馬市脇町字拝原１４９６番地５,美馬市,0883-52-0988,岡　芳剛,小児科,9:00~13:00,14:00~18:00,1,1,1,1,1,1,0,0,日・祝,0,0,0,0,入院設備あり、施設内バリアフリー、女性医師常駐（常勤）,"https://www.google.com/maps/place/%E5%B2%A1%E5%86%85%E7%A7%91%E7%97%85%E9%99%A2/@34.0701522,134.2881862,12z/data=!4m10!1m2!2m1!1z5bKh5YaF56eR55eF6Zmi44CA5b6z5bO2!3m6!1s0x3553b73618b6db4d:0xac529b89e1df5dc1!8m2!3d34.066663!4d134.166153!15sChjlsqHlhoXnp5Hnl4XpmaLjgIDlvrPls7aSAQhob3NwaXRhbOABAA!16s%2Fg%2F1trc2s75?entry=ttu"
128,05-10061 ,ホウエツ病院,〒779－3602美馬市脇町大字猪尻字八幡神社下南１３０－３番地,美馬市,0883-52-1095,十亀　徳,小児科,9:00~12:30,13:30~17:30,1,1,1,1,1,1,0,0,日・祝,0,0,0,1,救急は24時間対応しています。,"https://www.google.com/maps/place/%E3%83%9B%E3%82%A6%E3%82%A8%E3%83%84%E7%97%85%E9%99%A2/@34.0639984,134.1539121,17z/data=!3m1!4b1!4m6!3m5!1s0x3553b73ced63d513:0xa19bb50c704aa09!8m2!3d34.063994!4d134.156487!16s%2Fg%2F1tjmbgzb?entry=ttu"
129,05-10087 ,成田病院,〒779－3601美馬市脇町字拝原２５７６,美馬市,0883-52-1258,藤野　晴彦,小児科,9:00~18:00,0,1,1,1,1,1,1,0,0,日・祝,0,0,0,0,患者様が診察に来院の際には安心して迅速に治療をして頂けるよう努力されています。,"https://www.google.com/maps/place/%E5%8C%BB%E7%99%82%E6%B3%95%E4%BA%BA+%E8%97%A4%E9%87%8E%E4%BC%9A+%E6%88%90%E7%94%B0%E7%97%85%E9%99%A2/@34.065008,134.1588835,15z/data=!3m1!5s0x3553b0b44b46275f:0xe06b70ab181f2019!4m10!1m2!2m1!1z5oiQ55Sw55eF6Zmi44CA5b6z5bO2!3m6!1s0x3553b0b44acee68d:0xdd660f678a25175a!8m2!3d34.065008!4d134.175363!15sChXmiJDnlLDnl4XpmaLjgIDlvrPls7aSARBnZW5lcmFsX2hvc3BpdGFs4AEA!16s%2Fg%2F1vb99wsl?entry=ttu"
130,05-10657 ,佐藤内科,〒779－3601美馬市脇町字拝原１４１５－２,美馬市,0883-52-1045,佐藤　一樹,小児科,9:00~12:00,14:00~18:00,1,1,1,1,1,1,0,0,日・祝,土（午後）,0,0,0,施設内バリアフリーで、入院設備あります。,"https://www.google.com/maps/place/%E4%BD%90%E8%97%A4%E5%86%85%E7%A7%91/@34.068268,134.164475,17z/data=!3m1!4b1!4m6!3m5!1s0x3553b7482e2b9473:0xe00a0c0a50115b26!8m2!3d34.068268!4d134.164475!16s%2Fg%2F1tx4m5gj?entry=ttu"
131,05-10749 ,成田診療所,〒779－3602美馬市脇町大字猪尻字西ノ久保３７番地２,美馬市,0883-55-0770,藤野　正晴,小児科,9:00~18:00,0,1,1,1,1,1,1,0,0,日・祝,土（午後）,0,0,0,理念：いつも、医療・介護・福祉業務の原点に立って、あたたかい心で、共に成長していくこととしております。,"https://www.google.com/maps/place/%E5%8C%BB%E7%99%82%E6%B3%95%E4%BA%BA+%E8%97%A4%E9%87%8E%E4%BC%9A+%E6%88%90%E7%94%B0%E8%A8%BA%E7%99%82%E6%89%80/@34.0698009,134.1422252,15z/data=!4m10!1m2!2m1!1z5oiQ55Sw6Ki655mC5omA44CA5b6z5bO2!3m6!1s0x3553b715d9c05921:0x30365d25aabe597c!8m2!3d34.0698009!4d134.1509799!15sChjmiJDnlLDoqLrnmYLmiYDjgIDlvrPls7aSAQ5tZWRpY2FsX2NsaW5pY-ABAA!16s%2Fg%2F1thy_hcy?entry=ttu"
132,05-13107 ,としま小児科,〒779－3601美馬市脇町字拝原１７７４－６,美馬市,0883-53-6011,戸島　健治,小児科,9:00~12:30,14:00~18:00,1,1,1,1,1,1,0,0,日・祝,木（午後）,0,0,0,施設内バリアフリーです。,"https://www.google.com/maps/place/%E3%81%A8%E3%81%97%E3%81%BE%E5%B0%8F%E5%85%90%E7%A7%91/@34.062613,134.167203,17z/data=!3m1!4b1!4m6!3m5!1s0x3553b736a7c2199d:0x218d47b295a0ca63!8m2!3d34.062613!4d134.167203!16s%2Fg%2F1tsymll8?entry=ttu"
133,06-10010 ,徳島県立三好病院,〒778－8503三好市池田町シマ８１５－２,三好市,0883-72-1131,藤永　裕之,小児科,8:30~15:00,18:00~8:30,1,1,1,1,1,0,0,0,日・祝,土,0,0,1,夜間診療あります。基本的にかかりつけ医の紹介状が必要ですので、無い場合は事前に連絡してください。,"https://www.google.com/maps/place/%E5%BE%B3%E5%B3%B6%E7%9C%8C%E7%AB%8B%E4%B8%89%E5%A5%BD%E7%97%85%E9%99%A2/@34.0283998,133.8181341,17z/data=!3m1!4b1!4m6!3m5!1s0x35522a266a50e7f7:0x92c4475386f7cab2!8m2!3d34.0283998!4d133.8181341!16s%2Fg%2F122ybbwp?entry=ttu"
134,06-10051 ,北條病院,〒778－0002三好市池田町マチ２５２６－７,三好市,0883-72-0007,北條　文彦,小児科,9:00~12:00,13:30~17:00,1,1,1,1,1,1,0,0,日・祝,水・土（午後）,0,0,0,地域のニーズに応え地域の皆さまに愛される病院をめざしております。,"https://www.google.com/maps/place/%E5%8C%97%E6%A2%9D%E7%97%85%E9%99%A2/@34.0292076,133.8044602,17z/data=!3m2!4b1!5s0x355229f66f8f02e7:0xd8359a2f2e5d5e5d!4m6!3m5!1s0x355229f6657ce47b:0x8256ba45aa325daf!8m2!3d34.0292076!4d133.8044602!16s%2Fg%2F1v_z6qyh?entry=ttu"
135,06-10655 ,岸野医院,〒771－2304三好市三野町芝生１３６番地１,三好市,0883-77-2001,岸野　功,小児科,9:00~12:00,13:00~19:00,1,1,1,1,1,1,0,0,日・祝,土（午後）,0,0,0,19:00まで診察していただけるので学校が終わってからでも間に合います。,"https://www.google.com/maps/place/%E5%B2%B8%E9%87%8E%E5%8C%BB%E9%99%A2/@34.0421496,133.9727491,17z/data=!3m1!4b1!4m6!3m5!1s0x3553cd234f00337b:0xc9c9246cbee5fc6d!8m2!3d34.0421496!4d133.9727491!16s%2Fg%2F1tdwbrvj?entry=ttu"
136,06-10697 ,三木医院,〒771－2304三好市三野町芝生１０２７番地,三好市,0883-77-3900,三木　聖夫,小児科,9:00~13:30,14:00~18:00,1,1,1,1,1,1,0,0,日・祝,土（午後）,0,0,0,施設内バリアフリー、英語にも対応していただけます。,"https://www.google.com/maps/place/%E4%B8%89%E6%9C%A8%E5%8C%BB%E9%99%A2/@34.042285,133.971187,17z/data=!3m1!4b1!4m6!3m5!1s0x3553cd3ca1a5f7fd:0x84f0070f842d6f41!8m2!3d34.042285!4d133.971187!16s%2Fg%2F1tc_z95l?entry=ttu"
137,06-13055 ,郷外科・内科,〒779－5166三好市池田町川崎宮の前１２３の１,三好市,0883-74-5779,郷　正宏,小児科,9:00~13:00,14:30~18:00,1,1,1,1,1,1,0,0,日・祝,土（午後）,0,0,0,出入口スロープ有り、施設内手すり完備、貸し出し車いす有ります。,"https://www.google.com/maps/place/%E9%83%B7%E5%A4%96%E7%A7%91%E5%86%85%E7%A7%91/@33.967363,133.7747839,17z/data=!3m1!4b1!4m6!3m5!1s0x3551880c77db24db:0x24df1e0e5e87071b!8m2!3d33.967363!4d133.7747839!16s%2Fg%2F1tfkt3z_?entry=ttu"
138,10-10012 ,国民健康保険勝浦病院,〒771－4306勝浦郡勝浦町大字棚野字鴻畑１３番地２,勝浦郡,0885-42-2555,樫原　茂,小児科,9:00~11:30,13:30~14:30,0,0,0,1,0,0,0,0,日・祝,月・火・水・金・土,0,0,0,免震構造を活かした南海トラフ地震への備え、水害時の避難場所としての機能も充実させていく予定です。,"https://www.google.com/maps/place/%E5%9B%BD%E6%B0%91%E5%81%A5%E5%BA%B7%E4%BF%9D%E9%99%BA+%E5%8B%9D%E6%B5%A6%E7%97%85%E9%99%A2/@33.9329739,134.5060459,17z/data=!3m1!4b1!4m6!3m5!1s0x35530f7d06089e17:0x661bc8723a39aedc!8m2!3d33.9329739!4d134.5060459!16s%2Fg%2F121fffy6?entry=ttu"
139,12-10372 ,上田医院,〒779－3205名西郡石井町高原字東高原１８１－２,名西郡,088-675-1130,上田　聡一郎,小児科,9:00~12:00,14:00~18:00,1,1,1,0,1,1,0,0,日・祝,木,0,0,0,月に1~2回管理栄養士による栄養指導を開いています。（※要予約）,"https://www.google.com/maps/place/%E4%B8%8A%E7%94%B0%E5%8C%BB%E9%99%A2/@34.081122,134.422681,17z/data=!3m1!4b1!4m6!3m5!1s0x35530af3fe9f655b:0x36c2ffdf70f5244b!8m2!3d34.081122!4d134.422681!16s%2Fg%2F1tlnb7f9?entry=ttu"
140,12-10380 ,田中医院,〒779－3244名西郡石井町浦庄字下浦６８９番地の１,名西郡,088-674-6181,田中　治,小児科,9:00~12:30,14:00~19:00,1,1,1,0,1,1,0,0,日・祝,0,0,0,1,急患は随時受け付けていますのでご相談ください。,"https://www.google.com/maps/place/%E7%94%B0%E4%B8%AD%E5%8C%BB%E9%99%A2/@34.0673132,134.3508118,12z/data=!4m10!1m2!2m1!1z55Sw5Lit5Yy76Zmi44CA5b6z5bO2!3m6!1s0x35530a43218183df:0xf6487bc8bafee2c6!8m2!3d34.0673132!4d134.4208496!15sChXnlLDkuK3ljLvpmaLjgIDlvrPls7aSAQ5tZWRpY2FsX2NsaW5pY-ABAA!16s%2Fg%2F1td0w8ty?entry=ttu"
141,12-10430 ,神山医院,〒771－3421名西郡神山町下分字今井１６３番地,名西郡,088-677-0066,河野　宗夫,小児科,9:00~12:00,15:00~18:00,1,1,1,1,1,1,0,0,日・祝,火（午後）,0,0,0,入院設備あり。在宅医療の提供もされています。,"https://www.google.com/maps/place/%E7%A5%9E%E5%B1%B1%E5%8C%BB%E9%99%A2/@33.9599376,134.3083021,17z/data=!3m1!4b1!4m6!3m5!1s0x3553aebc8b293eed:0x922b48bef5cf3c17!8m2!3d33.9599376!4d134.3083021!16s%2Fg%2F1tjmbgz8?entry=ttu"
142,12-10463 ,佐々木外科内科,〒771－3311名西郡神山町神領字東野間１１２番地の２,名西郡,088-676-0006,佐々木　真人,小児科,9:00~12:30,14:30~18:30,1,1,1,1,1,1,0,0,日・祝,木（午後）,0,0,0,患者様が受診しているほかの医療機関及び処方されている医薬品を把握し、必要な服用管理を行っていただけます。,"https://www.google.com/maps/place/%E4%BD%90%E3%80%85%E6%9C%A8%E5%A4%96%E7%A7%91%E5%86%85%E7%A7%91/@33.96728,134.352463,17z/data=!3m1!4b1!4m6!3m5!1s0x3553a8fcd6de26a1:0xe0a737bd64dddddb!8m2!3d33.96728!4d134.352463!16s%2Fg%2F1tf33sh2?entry=ttu"
143,12-10471 ,伊勢内科小児科,〒779－3233名西郡石井町石井字石井７２６番地の７,名西郡,088-675-0535,伊勢　正夫,小児科,9:00~13:00,14:00~18:00,1,1,1,1,1,1,0,0,日・祝,木（午後）,0,1,0,入院設備があり、内科　小児科それぞれに医師が配置されています。,"https://www.google.com/maps/place/%E4%BC%8A%E5%8B%A2%E5%86%85%E7%A7%91%E5%B0%8F%E5%85%90%E7%A7%91/@34.069424,134.453628,17z/data=!3m1!4b1!4m6!3m5!1s0x35530b0d005ac411:0x70d5c8ac878424d8!8m2!3d34.069424!4d134.453628!16s%2Fg%2F1wzt05rt?entry=ttu"
144,12-10521 ,尾崎医院,〒779－3224名西郡石井町高川原字加茂野３１８の８,名西郡,088-674-8855,尾崎　敏夫,小児科,9:00~12:30,14:00~18:00,1,1,1,0,1,1,0,0,日・祝,木,0,0,0,個人病院ですが、内科や呼吸器科、アレルギー科、小児科、リハビリテーション科など非常に幅広い診療をしてくださる先生がいらっしゃいます。,"https://www.google.com/maps/place/%E5%B0%BE%E5%B4%8E%E5%8C%BB%E9%99%A2/@34.083556,134.456519,17z/data=!3m1!4b1!4m6!3m5!1s0x35530b475275c17b:0x46106920807ddcb4!8m2!3d34.083556!4d134.456519!16s%2Fg%2F1tdqf8s3?entry=ttu"
145,12-10539 ,中谷医院,〒771－3311名西郡神山町神領字西野間２３番地１,名西郡,088-676-0013,中谷　哲也,小児科,9:00~12:00,14:00~19:00,1,1,1,1,1,1,0,0,日・祝,0,0,0,0,CT設備が完備されています。,"https://www.google.com/maps/place/%E4%B8%AD%E8%B0%B7%E5%8C%BB%E9%99%A2/@33.966877,134.348172,17z/data=!3m1!4b1!4m6!3m5!1s0x3553a8e20985d8b3:0xadd36d2dc5e31cd0!8m2!3d33.966877!4d134.348172!16s%2Fg%2F1tpc5t12?entry=ttu"
146,12-10547 ,川原内科外科,〒779－3222名西郡石井町高川原字天神７１２番地１,名西郡,088-675-0015,川原　弘行,小児科,9:00~12:30,14:30~18:00,1,1,1,1,1,1,0,0,日・祝,木（午後）,0,0,0,天神南のバス停より徒歩2分とアクセス良好です。施設内もとても清潔感があります。,"https://www.google.com/maps/place/%E5%B7%9D%E5%8E%9F%E5%86%85%E7%A7%91%E3%83%BB%E5%A4%96%E7%A7%91/@34.082342,134.439974,17z/data=!3m1!4b1!4m6!3m5!1s0x35530b1e84d0aa93:0x7cd5348a30a6e3fa!8m2!3d34.082342!4d134.439974!16s%2Fg%2F1trqf07z?entry=ttu"
147,12-11024 ,須見医院,〒779－3213名西郡石井町藍畑字高畑１３１１,名西郡,088-674-0178,須見　昌輝,小児科,9:00~13:00,14:00~18:00,1,1,1,1,1,1,0,0,日・祝,木・土（午後）,0,0,0,スマートフォンから症状に関する病気や受信のめやすがチェックできます。,"https://www.google.com/maps/place/%E9%A0%88%E8%A6%8B%E5%8C%BB%E9%99%A2/@34.0950216,134.4399703,17z/data=!3m1!4b1!4m6!3m5!1s0x35530b262ef3319b:0xd511ff9e42b76f2e!8m2!3d34.0950216!4d134.4399703!16s%2Fg%2F1w0s9pvx?entry=ttu"
148,12-11032 ,多田内科クリニック,〒779－3212名西郡石井町藍畑字東覚円５１０番地,名西郡,0886-74-0250,多田　直史,小児科,9:00~12:00,14:30~18:00,1,1,1,1,1,1,0,0,日・祝,木・土（午後）,0,0,0,地域でとても人気のある病院です。先生やスタッフの方も優しい方が多く、症状をしっかりと診た上で治療方法を考えてくれます。,"https://www.google.com/maps/place/%E5%A4%9A%E7%94%B0%E5%86%85%E7%A7%91%E3%82%AF%E3%83%AA%E3%83%8B%E3%83%83%E3%82%AF/@34.095862,134.437399,17z/data=!3m1!4b1!4m6!3m5!1s0x35530b27f0da3a5b:0xa88554dce414ee7b!8m2!3d34.095862!4d134.437399!16s%2Fg%2F1tdcpbt1?entry=ttu"
149,13-12517 ,わだ内科,〒771－5203那賀郡那賀町和食郷字南川８７番地１,那賀郡,0884-62-3311,和田　達也,小児科,9:00~12:30,14:00~18:00,1,1,1,1,1,1,0,0,日・祝,木,0,0,0,院内はバリアフリーで、クレジットカードでの支払いができます。和食東バス停から徒歩1分でアクセスも良好です。,"https://www.google.com/maps/place/%E3%82%8F%E3%81%A0%E5%86%85%E7%A7%91/@33.8577405,134.4273404,12z/data=!4m10!1m2!2m1!1z44KP44Gg5YaF56eR44CA5b6z5bO2!3m6!1s0x3553038c140886cd:0xf5993da8a2491c0f!8m2!3d33.8577405!4d134.4973782!15sChXjgo_jgaDlhoXnp5HjgIDlvrPls7aSAQlpbnRlcm5pc3TgAQA!16s%2Fg%2F1vb99wp3?entry=ttu"
150,13-12525 ,山本医院,〒771－5406那賀郡那賀町延野字大原２０６番地１４,那賀郡,0884-62-3577,山本　弘幸,小児科,9:00~12:30,14:00~18:00,1,1,1,1,1,1,0,0,日・祝,木・土（午後）,0,0,0,院内はバリアフリーです。ほくろ・イボの切除・縫合手術(保険)といった治療も行っています。,"https://www.google.com/maps/place/%E5%B1%B1%E6%9C%AC%E5%8C%BB%E9%99%A2/@33.8198963,134.4829359,17z/data=!3m1!4b1!4m6!3m5!1s0x3553022368bddf67:0xe59479cda906f821!8m2!3d33.8198963!4d134.4829359!16s%2Fg%2F1tznk53d?entry=ttu"
151,13-12541 ,那賀町国民健康保険木頭診療所,〒771－6403那賀郡那賀町木頭和無田字イワツシ１番地,那賀郡,0884-68-2102,加納　将嗣,小児科,9:00~12:00,13:00~17:00,1,1,1,1,1,0,0,0,日・祝,土,火・木（午後）,0,0,肝炎ワクチン肺炎球菌ワクチンインフルエンザワクチンを接種できます。女性医師が在籍しています。（非常勤）,"https://www.google.com/maps/place/%E9%82%A3%E8%B3%80%E7%94%BA%E5%9B%BD%E6%B0%91%E5%81%A5%E5%BA%B7%E4%BF%9D%E9%99%BA+%E6%9C%A8%E9%A0%AD%E8%A8%BA%E7%99%82%E6%89%80/@33.7705707,134.1268184,12z/data=!4m10!1m2!2m1!1z6YKj6LOA55S65Zu95rCR5YGl5bq35L-d6Zm65pyo6aCt6Ki655mC5omA44CA5b6z5bO2!3m6!1s0x355245914cf82fbb:0xa1c494241b094ac8!8m2!3d33.7705707!4d134.1968562!15sCjPpgqPos4DnlLrlm73msJHlgaXlurfkv53pmbrmnKjpoK3oqLrnmYLmiYDjgIDlvrPls7aSAQ5tZWRpY2FsX2NsaW5pY-ABAA!16s%2Fg%2F1tqt7h1h?entry=ttu"
152,13-12574 ,那賀町国民健康保険日野谷診療所,〒771－5410那賀郡那賀町大久保字大西３番地２,那賀郡,0884-62-0073,江川　創,小児科,9:30~12:30,15:00~17:30,1,1,1,1,1,1,0,0,日・祝,水・土（午後）,0,0,0,内視鏡、超音波、CT等の最新設備が完備されています。,"https://www.google.com/maps/place/%E9%82%A3%E8%B3%80%E7%94%BA%E5%9B%BD%E6%B0%91%E5%81%A5%E5%BA%B7%E4%BF%9D%E9%99%BA%E6%97%A5%E9%87%8E%E8%B0%B7%E8%A8%BA%E7%99%82%E6%89%80/@33.7705707,134.1268184,10z/data=!4m10!1m2!2m1!1z6YKj6LOA55S65Zu95rCR5YGl5bq35L-d6Zm65pel6YeO6LC36Ki655mC5omA44CA5b6z5bO2!3m6!1s0x3552fe4efb42e347:0xf9f24d63d29daa43!8m2!3d33.7916899!4d134.4438736!15sCjbpgqPos4DnlLrlm73msJHlgaXlurfkv53pmbrml6Xph47osLfoqLrnmYLmiYDjgIDlvrPls7aSAQ5tZWRpY2FsX2NsaW5pY-ABAA!16s%2Fg%2F1trpnlx2?entry=ttu"
153,14-10121 ,徳島県立海部病院,〒775－0006海部郡牟岐町大字中村字杉谷２６６,海部郡,0884-72-1166,浦岡　秀行,小児科,8:30~17:15,0,1,1,1,1,1,0,0,0,日・祝,土,0,0,1,総合病院で基本的に紹介状が必要となります。緊急外来は24時間受け付けています。,"https://www.google.com/maps/place/%E5%BE%B3%E5%B3%B6%E7%9C%8C%E7%AB%8B%E6%B5%B7%E9%83%A8%E7%97%85%E9%99%A2/@33.6708289,134.4146152,17z/data=!3m1!4b1!4m6!3m5!1s0x3552f79314853821:0xf6b88b276a007d5d!8m2!3d33.6708289!4d134.4146152!16s%2Fg%2F121_c578?entry=ttu"
154,14-10410 ,牟岐駅前クリニック,〒775－0006海部郡牟岐町大字中村字本村９５－１,海部郡,0884-72-3311,小柴　邦彦,小児科,9:00~12:30,14:00~18:00,1,1,1,1,1,1,0,0,日・祝,火・土（午後）,0,0,0,通院困難な場合は往診や訪問在宅診療の対応もしてくださります。,"https://www.google.com/maps/place/%E5%B0%8F%E6%9F%B4%E5%8C%BB%E9%99%A2+%E7%89%9F%E5%B2%90%E9%A7%85%E5%89%8D%E3%82%AF%E3%83%AA%E3%83%8B%E3%83%83%E3%82%AF/@33.6713238,134.4197505,17z/data=!3m1!4b1!4m6!3m5!1s0x3552f7931a41c00f:0x38aa90a7ac438efc!8m2!3d33.6713238!4d134.4197505!16s%2Fg%2F1wzt05rm?entry=ttu"
155,14-10519 ,いしもとファミリークリニック,〒775－0203海部郡海陽町大里字白水９１番地１７,海部郡,0884-74-3503,石本　浩一,小児科,9:00~12:30,14:30~18:00,1,1,0,1,1,1,0,0,日・祝,水,0,0,0,医師やスタッフの顔を見ていただくだけで「病気が治ってしまう」と言っていただけるような心に寄り添えるクリニックを目指されています。,"https://www.google.com/maps/place/%E3%81%84%E3%81%97%E3%82%82%E3%81%A8%E3%83%95%E3%82%A1%E3%83%9F%E3%83%AA%E3%83%BC%E3%82%AF%E3%83%AA%E3%83%8B%E3%83%83%E3%82%AF/@33.6124021,134.3641751,17z/data=!3m1!4b1!4m6!3m5!1s0x35525f1c4b34d975:0xfdb63c78ed2be1d9!8m2!3d33.6124021!4d134.3641751!16s%2Fg%2F1t_wm53w?entry=ttu"
156,14-10543 ,大里医院,〒775－0203海部郡海陽町大里字松原３４番地の４７,海部郡,0884-73-3102,木下　肇,小児科,9:00~12:30,14:00~18:00,1,1,1,1,1,1,0,0,日・祝,木（午後）,0,0,0,常に患者のみなさんの立場に立った、親切、誠実、丁寧な診療を心がけておられます。気になることがありましたらお気軽にご来院くださいとのことです。,"https://www.google.com/maps/place/%E5%8C%BB%E7%99%82%E6%B3%95%E4%BA%BA+%E6%9D%BE%E5%8E%9F%E4%BC%9A+%E5%A4%A7%E9%87%8C%E5%8C%BB%E9%99%A2/@33.6068535,134.3630626,17z/data=!3m1!4b1!4m6!3m5!1s0x35525f025ba68c81:0x5f81a8b32bb54cdf!8m2!3d33.6068535!4d134.3630626!16s%2Fg%2F1tfq70_x?entry=ttu"
157,14-10956 ,イワキ医院,〒779－2304海部郡美波町日和佐浦６４－２,海部郡,0884-77-0005,居和城　宏,小児科,9:00~12:00,14:00~17:30,1,1,1,1,1,1,0,0,日・祝,土（午後）,0,0,0,湾岸沿いにある小規模な診療所です。小児ワクチンや肺炎ワクチンなど各種ワクチン接種に対応できます。,"https://www.google.com/maps/place/%E3%82%A4%E3%83%AF%E3%82%AD%E5%8C%BB%E9%99%A2/@33.7320038,134.5358498,17z/data=!3m1!4b1!4m6!3m5!1s0x3552fcdc76543c31:0x19373bb4ce95b899!8m2!3d33.7320038!4d134.5358498!16s%2Fg%2F1vq72n_4?entry=ttu"
158,15-10045 ,吉野川病院,〒771－0206板野郡北島町高房字八丁野西３６－１３,板野郡,088-698-6111,永　信治,小児科,9:00~12:30,13:30~17:30,1,1,1,1,1,1,0,0,日・祝,0,0,0,0,入院設備が整っており、MRI、CTといった最新設備も完備されている大規模病院です。,"https://www.google.com/maps/place/%E5%90%89%E9%87%8E%E5%B7%9D%E7%97%85%E9%99%A2/@34.1319045,134.5377491,17z/data=!3m1!4b1!4m6!3m5!1s0x355371f6245e2697:0xf058ea8b6852a74f!8m2!3d34.1319045!4d134.5377491!16s%2Fg%2F1vzqq28b?entry=ttu"
159,15-10417 ,清水内科,〒771－1202板野郡藍住町奥野字和田７１番地１３,板野郡,088-692-8900,清水　大樹,小児科,9:00~12:30,14:30~18:00,1,1,1,1,1,1,0,0,日・祝,木（午後）,0,0,1,呼吸器内科の専門医による質の高い医療が提供されており、急患の場合は時間外診療もしていただけます。（※要相談）,"https://www.google.com/maps/place/%E6%B8%85%E6%B0%B4%E5%86%85%E7%A7%91/@34.121018,134.493585,17z/data=!3m1!4b1!4m6!3m5!1s0x35537398a0c9cfc1:0x3e4957f3a7470cd7!8m2!3d34.121018!4d134.493585!16s%2Fg%2F1tf_qprm?entry=ttu"
160,15-10441 ,野田医院,〒771－1301板野郡上板町鍛冶屋原字西北原１８番地,板野郡,088-694-2009,野田　泰弘,小児科,9:00~12:30,15:00~19:00,1,1,1,1,1,1,0,0,日・祝,0,0,0,0,エコーや胃カメラ、血液検査も実施していただけて、診療時間前に検査をしていただける場合もあります。（※要相談）,"https://www.google.com/maps/place/%E9%87%8E%E7%94%B0%E5%8C%BB%E9%99%A2/@34.1198493,134.3974606,17z/data=!3m1!4b1!4m6!3m5!1s0x3553a000daf7ad29:0xc457806bb04e855a!8m2!3d34.1198493!4d134.3974606!16s%2Fg%2F1v41y86l?entry=ttu"
161,15-11399 ,友成医院,〒771－1302板野郡上板町七條字山ノ神２２番地１,板野郡,088-694-5515,友成　信二,小児科,8:30~12:00,13:00~19:00,1,1,1,1,1,1,0,0,日・祝,土（午後）,0,0,0,バリアフリーで車椅子で利用できます。また、院内処方が有るため調剤薬局へ行く必要がありません。内視鏡検査(保険)にも対応できます。,"https://www.google.com/maps/place/%E5%8F%8B%E6%88%90%E5%8C%BB%E9%99%A2/@34.124887,134.405957,17z/data=!3m1!4b1!4m6!3m5!1s0x35537551708e8ea3:0x1e5dab86263bb14!8m2!3d34.124887!4d134.405957!16s%2Fg%2F1tgn2k4b?entry=ttu"
162,15-11407 ,平野内科,〒771－0204板野郡北島町鯛浜字川久保１９７－１,板野郡,088-698-8060,平野　幹夫,小児科,9:00~12:30,14:00~18:00,1,1,1,1,1,1,0,0,日・祝,木・土（午後）,0,0,0,西鯛の浜バス停から徒歩3分とアクセス良好です。また、近くにショッピングモールがあるため帰りに看病に必要なものを買って帰ることができます。,"https://www.google.com/maps/place/%E5%B9%B3%E9%87%8E%E5%86%85%E7%A7%91/@34.114634,134.550751,17z/data=!3m1!4b1!4m6!3m5!1s0x35536df7d024e437:0xcb41d9217cd281e8!8m2!3d34.114634!4d134.550751!16s%2Fg%2F1tywvs6n?entry=ttu"
163,15-11589 ,奥村医院,〒771－1212板野郡藍住町徳命前須西１６６－１,板野郡,088-692-2403,奥村　尚英,小児科,9:00~12:30,16:00~18:30,1,1,1,1,1,1,0,0,日・祝,土（午後）,0,0,0,地元で人気の病院です。院内は清潔感があり、優しい先生が患者様一人一人に寄り添って治療方法や述語のフォローも考えてくれます。とても安心できる病院です。,"https://www.google.com/maps/place/%E5%A5%A5%E6%9D%91%E5%8C%BB%E9%99%A2/@34.1155301,134.4785996,16z/data=!4m10!1m2!2m1!1z5aWl5p2R5Yy76Zmi44CA5b6z5bO2!3m6!1s0x3553737a23b983df:0x8c6efb90e0c29826!8m2!3d34.1155301!4d134.482977!15sChXlpaXmnZHljLvpmaLjgIDlvrPls7aSAQ5tZWRpY2FsX2NsaW5pY-ABAA!16s%2Fg%2F1tfmfmrp?entry=ttu"
164,15-11852 ,大久保内科,〒771－1262板野郡藍住町笠木字中野１７９－５,板野郡,088-692-1220,大久保　直彦,小児科,9:00~13:00,15:00~19:00,1,1,1,1,1,1,0,0,日・祝,0,0,0,0,とても落ち着いた優しい先生が印象的な診療所です。時間外でも状況によっては対応していただけることがあります。（※要相談）,"https://www.google.com/maps/place/%E5%A4%A7%E4%B9%85%E4%BF%9D%E5%86%85%E7%A7%91/@34.1358946,134.5064,17z/data=!3m1!4b1!4m6!3m5!1s0x355373ce3c3f5ee7:0x5550a3994c4ec918!8m2!3d34.1358946!4d134.5064!16s%2Fg%2F1tf_qprp?entry=ttu"
165,15-12033 ,くぼ小児科クリニック,〒771－0204板野郡北島町鯛浜字向９５－１,板野郡,088-678-7141,久保　雅宏,小児科,8:30~12:30,15:30~18:00,1,1,1,0,1,1,0,0,日・祝,木,土（午後）,0,0,14:30~15:30は予防接種を行っています。,"https://www.google.com/maps/place/%E3%81%8F%E3%81%BC%E5%B0%8F%E5%85%90%E7%A7%91%E3%82%AF%E3%83%AA%E3%83%8B%E3%83%83%E3%82%AF/@34.1178744,134.5419981,17z/data=!3m1!4b1!4m6!3m5!1s0x3553720e52ba3e61:0x33bd707d8a4db878!8m2!3d34.1178744!4d134.5419981!16s%2Fg%2F1hdyyg8mq?entry=ttu"
166,15-13007 ,水井医院,〒771－1270板野郡藍住町勝瑞字西地９３番地４,板野郡,088-641-3111,水井　三雄,小児科,8:30~12:30,14:30~18:00,1,1,1,1,1,1,0,0,日・祝,土（午後）,0,0,0,県道沿いにあるため車でのアクセスがしやすいです。向かいに100円ショップがあるので帰りに看病用の備品などを買って買えるのに便利です。,"https://www.google.com/maps/place/%E6%97%A5%E6%9C%AC%E3%80%81%E3%80%92771-1270+%E5%BE%B3%E5%B3%B6%E7%9C%8C%E6%9D%BF%E9%87%8E%E9%83%A1%E8%97%8D%E4%BD%8F%E7%94%BA%E5%8B%9D%E7%91%9E%E8%A5%BF%E5%9C%B0%EF%BC%99%EF%BC%93%E2%88%92%EF%BC%94/@34.133859,134.512483,15z/data=!4m6!3m5!1s0x3553722d5554e1c1:0x817e973eb1e6a595!8m2!3d34.1338592!4d134.5124829!16s%2Fg%2F11clr7ktht?hl=ja-JP&entry=ttu"
167,15-13049 ,香川内科,〒771－1265板野郡藍住町住吉字神蔵１５８番地１,板野郡,088-692-9770,香川　博幸,小児科,8:30~12:30,14:30~18:30,1,1,1,1,1,1,0,0,日・祝,木（午後）,0,0,0,住吉神社前バス停から徒歩4分でアクセス良好です。また、先生は丁寧な言葉遣いで対応してくださるので安心して受診できます。地元で人気の診療所です。,"https://www.google.com/maps/place/%E9%A6%99%E5%B7%9D%E5%86%85%E7%A7%91/@34.1236655,134.5070308,17z/data=!3m1!4b1!4m6!3m5!1s0x355373b6bbb2c89b:0xc37a89553d7cbacd!8m2!3d34.1236655!4d134.5070308!16s%2Fg%2F1tnk_6hy?entry=ttu"
168,15-13056 ,富本小児科内科,〒771－1220板野郡藍住町東中富字東傍示１番地の３,板野郡,088-692-7228,富本　尚子,小児科,8:45~12:00,15:00~18:00,1,1,1,1,1,1,0,0,日・祝,木（午後）,0,0,0,小児かかりつけ医制度認定施設です。また、発達相談・育児相談・夜尿症の相談なども行っています。,"https://www.google.com/maps/place/%E5%AF%8C%E6%9C%AC%E5%B0%8F%E5%85%90%E7%A7%91%E3%83%BB%E5%86%85%E7%A7%91/@34.1234497,134.4773866,17z/data=!3m1!4b1!4m6!3m5!1s0x35537381d2523dfd:0xc41cbc5d16091ad!8m2!3d34.1234497!4d134.4773866!16s%2Fg%2F1tgd96td?entry=ttu"
169,15-13098 ,新居内科,〒771－0206板野郡北島町高房字八丁野東８番地１,板野郡,088-698-8808,新居　英昭,小児科,9:00~12:00,14:00~18:30,1,1,1,1,1,1,0,0,日・祝,0,0,0,0,独自の説明用プレゼンテーションを数多く製作しており、診察デスク上の大型ディスプレイを利用して、患者様への行き届いたインフォームドコンセントを心掛けています。,"https://www.google.com/maps/place/%E6%96%B0%E5%B1%85%E5%86%85%E7%A7%91/@34.129482,134.5070991,13z/data=!4m10!1m2!2m1!1z5paw5bGF5YaF56eR44CA5b6z5bO2!3m6!1s0x355371f8745ea63b:0x4689591ddcf020f0!8m2!3d34.129482!4d134.542118!15sChXmlrDlsYXlhoXnp5HjgIDlvrPls7aSAQlpbnRlcm5pc3TgAQA!16s%2Fg%2F1tgn2k3n?entry=ttu"
170,15-13106 ,中山産婦人科・小児科,〒771－1221板野郡藍住町東中富字長江傍示５番地６,板野郡,088-692-0333,中山　孝善,小児科,9:00~12:30,15:00~18:00,1,1,1,1,1,1,0,0,日・祝,木（午後）,0,0,0,ニコニコしていてとても明るい先生に診察していただけます。また、院内ショップを構えており、店内ではミルク、消毒用品、授乳器、葉酸などを販売しています。,"https://www.google.com/maps/place/%E4%B8%AD%E5%B1%B1%E7%94%A3%E5%A9%A6%E4%BA%BA%E7%A7%91%E3%83%BB%E5%B0%8F%E5%85%90%E7%A7%91/@34.1285841,134.4818024,17z/data=!3m1!4b1!4m6!3m5!1s0x35537385a749f94b:0xa6b1c2f5ff2f6316!8m2!3d34.1285841!4d134.4818024!16s%2Fg%2F1twyxbtr?entry=ttu"
171,15-13254 ,谷口耳鼻咽喉科クリニック,〒771－0220板野郡松茂町広島字南ノ川４２番地１,板野郡,088-699-2787,谷口　雅彦,小児科,9:00~12:30,15:00~18:00,1,1,1,1,1,1,0,0,日・祝,水（午後）,0,0,0,先生の人柄が素晴らしくてとても人気のある診療所です。11時代、16時代が比較的空いている場合があります。また、診療予約システムのアイチケットが使用できます。,"https://www.google.com/maps/place/%E8%B0%B7%E5%8F%A3%E8%80%B3%E9%BC%BB%E5%92%BD%E5%96%89%E7%A7%91%E3%82%AF%E3%83%AA%E3%83%8B%E3%83%83%E3%82%AF/@34.1332266,134.5688436,17z/data=!3m1!4b1!4m6!3m5!1s0x35536e152d976c2d:0x38a4d8dd924d7129!8m2!3d34.1332266!4d134.5688436!16s%2Fg%2F1vn_wszn?entry=ttu"
172,15-13270 ,こやま小児科内科クリニック,〒771－1251板野郡藍住町矢上字原１９３番地１,板野郡,088-637-3211,小山　哲哉,小児科,9:00~13:00,14:30~18:30,1,1,1,1,1,1,0,0,日・祝,水（午後）,0,0,0,症状に合わせて的確な検査を行ってくれるので、病気の特定が早く適切な処置を行っていただけます。また、有事の際は時間外でも電話等で相談にのっていただける場合があります。（※要相談）,"https://www.google.com/maps/place/%E3%81%93%E3%82%84%E3%81%BE%E5%B0%8F%E5%85%90%E7%A7%91%E5%86%85%E7%A7%91%E3%82%AF%E3%83%AA%E3%83%8B%E3%83%83%E3%82%AF/@34.126124,134.5015609,17z/data=!3m1!4b1!4m6!3m5!1s0x355373b98fb34a4f:0x494a51e50b7d973b!8m2!3d34.126124!4d134.5015609!16s%2Fg%2F1tf6v5hp?entry=ttu"
173,15-13288 ,ファミリークリニックしんの,〒779－0118板野郡板野町下庄字古杉１０６番地２,板野郡,088-672-5148,新野　秀樹,小児科,9:00~13:00,14:30~18:00,1,1,1,1,1,1,0,0,日・祝,木（午後）,0,0,0,女性の先生が診察してくれるので、男性を怖がってしまうお子さんでも安心して受診できます。,"https://www.google.com/maps/place/%E3%83%95%E3%82%A1%E3%83%9F%E3%83%AA%E3%83%BC%E3%82%AF%E3%83%AA%E3%83%8B%E3%83%83%E3%82%AF%E3%81%97%E3%82%93%E3%81%AE/@34.122326,134.454605,17z/data=!3m1!4b1!4m6!3m5!1s0x355374ed1e34bbaf:0x5be49a7b763ce257!8m2!3d34.122326!4d134.454605!16s%2Fg%2F1v8kyf1y?entry=ttu"
174,15-13304 ,いのもと眼科内科,〒771－0204板野郡北島町鯛浜字かや１２２番地の１,板野郡,088-698-8887,猪本　享司,小児科,9:00~12:30,13:30~17:00,1,1,1,1,1,1,0,0,日・祝,木（午後）,0,0,0,眼科と内科それぞれに専門医が在籍しており、最新の広角眼底カメラや網膜の三次元解析装置、経鼻内視鏡や大腸内視鏡、睡眠時無呼吸症候群の検査機器などさまざまな医療機器が導入されています。,"https://www.google.com/maps/place/%E3%81%84%E3%81%AE%E3%82%82%E3%81%A8%E7%9C%BC%E7%A7%91%E5%86%85%E7%A7%91/@34.119331,134.551068,17z/data=!3m1!4b1!4m6!3m5!1s0x35536df89154dcdb:0x16a0a30487eba350!8m2!3d34.119331!4d134.551068!16s%2Fg%2F1tgx4f6p?entry=ttu"
175,15-13312 ,北島こどもクリニック,〒771－0203板野郡北島町中村字東堤ノ内１９－１,板野郡,088-697-2221,富永　ユリ,小児科,9:00~13:00,14:30~18:30,1,1,1,1,1,1,0,0,日・祝,土（午後）,0,0,0,健康外来もしており、お風邪の方と待合室が別室になっているので安心して受診できます。また、要望接種のインターネット予約システムも構築されています。,"https://www.google.com/maps/place/%E5%8C%97%E5%B3%B6%E3%81%93%E3%81%A9%E3%82%82%E3%82%AF%E3%83%AA%E3%83%8B%E3%83%83%E3%82%AF/@34.127924,134.560858,17z/data=!3m1!4b1!4m6!3m5!1s0x35536e0fa2bf7f51:0x63a943ff5b5bd7df!8m2!3d34.127924!4d134.560858!16s%2Fg%2F1tfld1h1?entry=ttu"
176,15-13338 ,井関クリニック,〒771－1343板野郡上板町椎本字椎ノ宮３１４番地の１,板野郡,088-637-6066,井関　俊彦,小児科,9:00~12:30,14:00~18:30,1,1,1,1,1,1,0,0,日・祝,木（午後）,0,0,0,理念：奉仕精神に基づき、患者様の立場にたった医療を行います。何事も親身になり、相談できる家庭医を目指します。笑顔のたえない、明るい職場づくりに務めます。,"https://www.google.com/maps/place/%E4%BA%95%E9%96%A2%E3%82%AF%E3%83%AA%E3%83%8B%E3%83%83%E3%82%AF/@34.120315,134.436812,17z/data=!3m1!4b1!4m6!3m5!1s0x355375209f5b21cd:0xc2a50fbf05746321!8m2!3d34.120315!4d134.436812!16s%2Fg%2F1v44n78n?entry=ttu"
177,15-13346 ,上板整形外科クリニック,〒771－1330板野郡上板町西分字君ノ木７番地１,板野郡,088-637-6600,井上　昭,小児科,8:30~11:30,14:00~18:00,1,1,1,1,1,1,0,0,日・祝,木（午後）,0,0,0,先生の腕が良いと評判の診療所です。多くの人が利用していることと駐車場が少な目なので、電話予約をしてから受診することをおすすめします。,"https://www.google.com/maps/place/%E4%B8%8A%E6%9D%BF%E6%95%B4%E5%BD%A2%E5%A4%96%E7%A7%91%E3%82%AF%E3%83%AA%E3%83%8B%E3%83%83%E3%82%AF/@34.1153321,134.4228076,17z/data=!3m1!4b1!4m6!3m5!1s0x3553753475a7a3f5:0x983b78ee77c61d4c!8m2!3d34.1153321!4d134.4228076!16s%2Fg%2F1txflzj3?entry=ttu"
178,15-13429 ,健生きたじまクリニック,〒771－0203板野郡北島町中村字東開１４－１,板野郡,088-698-9629,田中　宏実,小児科,8:50~12:00,15:00~18:30,1,1,1,1,1,1,0,0,日・祝,0,0,0,0,どの先生も優しく対応してくれて待合室も広く清潔感があります。また、インターネット予約ができます。組合員になると予防接種の価格が安くなります。,"https://www.google.com/maps/place/%E5%81%A5%E7%94%9F%E3%81%8D%E3%81%9F%E3%81%98%E3%81%BE%E3%82%AF%E3%83%AA%E3%83%8B%E3%83%83%E3%82%AF/@34.1246458,134.5478869,17z/data=!3m1!4b1!4m6!3m5!1s0x355372014dd72831:0xf631b4757c3b06d8!8m2!3d34.1246458!4d134.5478869!16s%2Fg%2F1tj28tyc?entry=ttu"
179,15-13445 ,森本医院,〒771－1272板野郡藍住町勝瑞字成長６２番地,板野郡,088-641-4141,森本　博文,小児科,9:00~12:30,14:00~18:00,1,1,1,1,1,1,0,0,日・祝,木（午後）,0,0,0,患者様とのコミュニケーションを大切にされている診療所です。一人一人に合わせた適切な診断・治療を行っていただけます。,"https://www.google.com/maps/place/%E6%A3%AE%E6%9C%AC%E5%8C%BB%E9%99%A2/@34.1287513,134.518509,17z/data=!3m1!4b1!4m6!3m5!1s0x35537231a1235c63:0xaacde591ea562edf!8m2!3d34.1287513!4d134.518509!16s%2Fg%2F1tfg5h1m?entry=ttu"
180,15-13460 ,近藤内科医院,〒779－0111板野郡板野町那東字楠木２－１,板野郡,088-672-5630,近藤　多喜男,小児科,9:00~13:00,14:00~18:00,1,1,1,1,1,1,0,0,日・祝,0,0,0,0,レントゲン、超音波検査、心電図などの最新設備が完備されています。,"https://www.google.com/maps/place/%E8%BF%91%E8%97%A4%E5%86%85%E7%A7%91%E5%8C%BB%E9%99%A2/@34.135316,134.3691152,12z/data=!4m10!1m2!2m1!1z6L-R6Jek5YaF56eR5Yy76Zmi44CA5b6z5bO2!3m6!1s0x355374fd74ebb673:0x84554568b76e1831!8m2!3d34.135316!4d134.439153!15sChvov5Hol6TlhoXnp5HljLvpmaLjgIDlvrPls7aSAQlpbnRlcm5pc3TgAQA!16s%2Fg%2F1tcxglqr?entry=ttu"
181,15-13569 ,三愛内科,〒779－0104板野郡板野町吹田字町南２７－２,板野郡,088-672-0176,柴田　明徳,小児科,9:00~13:00,14:30~18:30,1,1,1,1,1,1,0,0,日・祝,木（午後）,0,0,0,気になる症状があったらお気軽にご相談くださいとのことです。頭痛ひとつにとってもいろんな症状、原因があり、そういった細かなところまで診断していただけます。エコー診断もあります。,"https://www.google.com/maps/place/%E4%B8%89%E6%84%9B%E5%86%85%E7%A7%91/@34.143796,134.462259,17z/data=!3m1!4b1!4m6!3m5!1s0x3553746c244ad305:0xc48d3fbccde1dad9!8m2!3d34.143796!4d134.462259!16s%2Fg%2F1tgyzdss?entry=ttu"
182,15-13619 ,田根内科,〒771－0205板野郡北島町江尻字松堂４５－１,板野郡,088-698-0123,田根　なつ紀,小児科,9:00~12:30,14:00~18:00,1,1,0,1,1,1,0,0,日・祝,金（午後）,水,1,0,東開バス停から徒歩1分とアクセス良好です。また、インターネット予約もできます。,"https://www.google.com/maps/place/%E7%94%B0%E6%A0%B9%E5%86%85%E7%A7%91(%E3%81%9F%E3%81%AD%E3%81%AA%E3%81%84%E3%81%8B)/@34.1226193,134.5485942,17z/data=!3m1!4b1!4m6!3m5!1s0x35537200c45fc7f7:0x314a12a00c48473d!8m2!3d34.1226193!4d134.5485942!16s%2Fg%2F1trrb020?entry=ttu"
183,16-10019 ,阿波病院,〒771－1603阿波市市場町市場字岸ノ下１９０番地１,阿波市,0883-36-5151,堀江　秀茂,小児科,8:30~16:45,0,1,1,1,1,1,1,0,0,日・祝,土,0,1,1,入院設備もある総合病院です。時間外緊急診療をしていただけます。（※要連相談）,"https://www.google.com/maps/place/%E9%98%BF%E6%B3%A2%E7%97%85%E9%99%A2/@34.0842415,134.2756205,17z/data=!3m1!4b1!4m6!3m5!1s0x3553a4ee105045a7:0x608c165c934c1dd0!8m2!3d34.0842415!4d134.2756205!16s%2Fg%2F120rg0fj?entry=ttu"
184,16-10043 ,大野病院,〒771－1506阿波市土成町土成字南原２３１番地,阿波市,088-695-2112,大野　孔文,小児科,9:00~13:00,15:00~18:00,1,1,1,1,1,1,0,0,日・祝,水・土（午後）,0,0,0,入院設備のある病院で、一人一人と向き合い地域に根ざした医療を心掛けています。,"https://www.google.com/maps/place/%E5%A4%A7%E9%87%8E%E7%97%85%E9%99%A2/@34.101908,134.343628,17z/data=!3m1!4b1!4m6!3m5!1s0x3553a112c22daded:0x97574ea83d7f7207!8m2!3d34.101908!4d134.343628!16s%2Fg%2F1tfd4sr1?entry=ttu"
185,16-10977 ,賛広診療所,〒771－1706阿波市阿波町南西谷７番地,阿波市,0883-35-2107,大塚　明,小児科,8:30~10:00,0,1,1,1,1,1,1,0,0,日・祝,0,0,0,0,午前中のみの診察です。,"https://www.google.com/maps/place/%E8%B3%9B%E5%BA%83%E8%A8%BA%E7%99%82%E6%89%80/@34.0760818,134.1936841,17z/data=!3m1!4b1!4m6!3m5!1s0x3553ba7466caad9f:0x45359a394074cdc7!8m2!3d34.0760818!4d134.1936841!16s%2Fg%2F1tj9r4y3?entry=ttu"
186,16-12072 ,林内科医院,〒771－1701阿波市阿波町谷島１５８番地,阿波市,0883-35-6226,林　康夫,小児科,9:00~12:30,15:00~18:30,1,1,1,1,1,1,0,0,日・祝,0,0,0,0,光あふれる明るい待合室で、診察も温かい雰囲気の中で行っていただけるため安心感があります。病気のことだけでなく、お互いになんでも相談できる、そんな信頼関係を築いて行きたいと考えておられらます。,"https://www.google.com/maps/place/%E6%9E%97%E5%86%85%E7%A7%91%E5%8C%BB%E9%99%A2/@34.080257,134.1190653,11z/data=!4m10!1m2!2m1!1z5p6X5YaF56eR5Yy76Zmi44CA5b6z5bO2!3m6!1s0x3553a4d844ab927f:0xc3e873c8c5be1bb6!8m2!3d34.080257!4d134.259141!15sChjmnpflhoXnp5HljLvpmaLjgIDlvrPls7aSAQlpbnRlcm5pc3TgAQA!16s%2Fg%2F1ty722nf?entry=ttu"
187,16-12098 ,太田診療所,〒771－1612阿波市市場町上喜来字二俣前３８１番地１,阿波市,0883-36-2076,太田　晃,小児科,9:00~12:00,14:00~18:00,1,1,1,1,1,1,0,0,日・祝,土（午後）,0,0,0,各種予防接種が受けられます。近くに最寄り駅やバス停が無いので車での受診をお勧めします。,"https://www.google.com/maps/place/%E5%A4%AA%E7%94%B0%E8%A8%BA%E7%99%82%E6%89%80/@34.1047525,134.2678029,17z/data=!3m1!4b1!4m6!3m5!1s0x3553a49893ccaacb:0x5e9796ebb4eb59aa!8m2!3d34.1047525!4d134.2678029!16s%2Fg%2F1tfybd6p?entry=ttu"
188,16-12148 ,金塚内科,〒771－1507阿波市土成町吉田字城根木３６番地,阿波市,088-695-5858,金塚　勝,小児科,9:00~12:30,14:00~19:00,1,1,0,1,1,1,0,0,日・祝,水,0,0,0,19:00まで診察していただけるので学校が終わってからでも間に合います。土曜日でも19:00まで診ていただけます。,"https://www.google.com/maps/place/%E9%87%91%E5%A1%9A%E5%86%85%E7%A7%91/@34.1067216,134.360254,17z/data=!3m1!4b1!4m6!3m5!1s0x3553a1aae09eea0d:0xed0a484d97e86c0f!8m2!3d34.1067216!4d134.360254!16s%2Fg%2F1tdpd05m?entry=ttu"
189,16-12155 ,乾内科外科,〒771－1502阿波市土成町水田字久保田１６－１,阿波市,088-695-5006,乾　浩三,小児科,8:30~12:00,14:00~18:00,1,1,1,1,1,1,0,0,日・祝,木（午後）,0,0,0,院内バリアフリーです。早朝からみていただけます。,"https://www.google.com/maps/place/%E4%B9%BE%E5%86%85%E7%A7%91%E5%A4%96%E7%A7%91/@34.0970173,134.3241905,17z/data=!3m1!4b1!4m6!3m5!1s0x3553a1589ab705ad:0x557b04470b61ec43!8m2!3d34.0970173!4d134.3241905!16s%2Fg%2F1tf7_dt7?entry=ttu"
190,16-12189 ,御所診療所,〒771－1507阿波市土成町吉田字原田市の四３１番,阿波市,088-637-8033,加藤　修司,小児科,8:30~12:30,14:00~18:30,1,1,1,1,1,1,0,0,日・祝,0,0,0,1,夜間診療の相談も受けていただけます。抗原検査は綿棒を口に含んで唾液を採取する方法を採用しているため患者様の負担やストレスも少なくなっています。,"https://www.google.com/maps/place/%E5%BE%A1%E6%89%80%E8%A8%BA%E7%99%82%E6%89%80/@34.1090816,134.3489073,17z/data=!3m1!4b1!4m6!3m5!1s0x3553a109c4d742a5:0x636d6fe7a3a624f7!8m2!3d34.1090816!4d134.3489073!16s%2Fg%2F1tgytjh4?entry=ttu"
191,16-12197 ,おおつか内科,〒771－1705阿波市阿波町善地７番地１３,阿波市,0883-35-6070,大塚　晋作,小児科,9:00~12:00,15:00~18:00,1,1,1,1,1,1,0,0,日・祝,土（午後）,0,0,1,病児・病後児保育を開室しており、病気中または病気の回復期にあって、勤務の都合によって集団保育や家庭での保育をすることができない場合、お子さんを一時的に預かる事業です。また、夜間の問い合わせも可能です。,"https://www.google.com/maps/place/%E3%81%8A%E3%81%8A%E3%81%A4%E3%81%8B%E5%86%85%E7%A7%91/@34.0755244,134.2075902,17z/data=!3m1!4b1!4m6!3m5!1s0x3553ba7cd7d2da6b:0xbaec47a3a55341fc!8m2!3d34.0755244!4d134.2075902!16s%2Fg%2F11bcclxsd7?entry=ttu"
192,17-10025 ,吉野川医療センター,〒776－8511吉野川市鴨島町知恵島字西知恵島１２０,吉野川市,0883-26-2222,橋本　寛文,小児科,8:30~15:00,0,1,1,1,1,1,0,0,0,日・祝,土,0,0,1,入院設備の整った総合病院です。災害拠点病院にも指定されています。,"https://www.google.com/maps/place/%EF%BC%AA%EF%BC%A1%E5%BE%B3%E5%B3%B6%E5%8E%9A%E7%94%9F%E9%80%A3+%E5%90%89%E9%87%8E%E5%B7%9D%E5%8C%BB%E7%99%82%E3%82%BB%E3%83%B3%E3%82%BF%E3%83%BC/@34.0753503,134.3408418,17z/data=!3m1!4b1!4m6!3m5!1s0x3553a6b5a7cfcd1f:0xb75ebd123953c774!8m2!3d34.0753503!4d134.3408418!16s%2Fg%2F120rsddt?entry=ttu"
193,17-10389 ,鈴木内科,〒776－0031吉野川市鴨島町敷地１４番地１,吉野川市,0883-24-5880,鈴木　直紀,小児科,9:00~12:30,15:00~18:00,1,1,1,1,1,1,0,0,日・祝,木（午後）,0,1,0,AI問診ができます。また、、内科全般から心臓や血管の病気、高血圧、糖尿病などの広い範囲の診療を行っていただけます。エコー検査なども実施いただけます。,"https://www.google.com/maps/place/%E9%88%B4%E6%9C%A8%E5%86%85%E7%A7%91/@34.0753503,134.3408418,14z/data=!4m10!1m2!2m1!1z6Yi05pyo5YaF56eR44CA5b6z5bO2!3m6!1s0x3553a6c411925685:0xc54d922f80d21!8m2!3d34.061586!4d134.348146!15sChXpiLTmnKjlhoXnp5HjgIDlvrPls7aSAQlpbnRlcm5pc3TgAQA!16s%2Fg%2F1v3dpysm?entry=ttu"
194,17-10405 ,木村内科胃腸科,〒776－0020吉野川市鴨島町西麻植字絵馬堂６１番地,吉野川市,0883-24-6413,木村　好孝,小児科,9:00~12:30,15:00~18:00,1,1,1,1,1,1,0,0,日・祝,水（午後）,0,0,0,早期診断、早期治療をモットーにされております。内視鏡検査やX線検査の設備が完備されています。,"https://www.google.com/maps/place/%E6%9C%A8%E6%9D%91%E5%86%85%E7%A7%91%E8%83%83%E8%85%B8%E7%A7%91/@34.0694929,134.3394105,17z/data=!3m1!4b1!4m6!3m5!1s0x3553a6b7624624bd:0x4e6231ff5dbf75f8!8m2!3d34.0694929!4d134.3394105!16s%2Fg%2F1tkb_yj8?entry=ttu"
195,17-10421 ,鈴木内科,〒776－0005吉野川市鴨島町喜来３７４番地,吉野川市,0883-24-3413,鈴木　雅晴,小児科,9:00~13:00,15:00~18:00,1,1,1,1,1,1,0,0,日・祝,土（午後）,0,0,0,アットホームな雰囲気で明るくリラックスしていただける清潔な院内環境を心がけています。鴨島駅から東へ徒歩3分とアクセスも良好です。,"https://www.google.com/maps/place/%E9%88%B4%E6%9C%A8%E5%86%85%E7%A7%91/@34.0694929,134.3394105,14z/data=!4m10!1m2!2m1!1z6Yi05pyo5YaF56eR44CA5b6z5bO2!3m6!1s0x3553a12a2ee92179:0x6d6d5a321e9d4d13!8m2!3d34.073351!4d134.35952!15sChXpiLTmnKjlhoXnp5HjgIDlvrPls7aSAQ5tZWRpY2FsX2NsaW5pY-ABAA!16s%2Fg%2F1tgw7qwc?entry=ttu"
196,17-10439 ,杉山医院,〒779－3301吉野川市川島町川島４０５番地１１,吉野川市,0883-25-2802,青山　眞理,小児科,9:00~12:00,14:00~18:00,1,1,1,1,1,1,0,0,日・祝,木（午後）,0,0,1,女性の医師が診察してくれるので、男性が苦手なお子さんも安心して受診できます。また、状況によっては夜間に対応していただける場合があります。（※要相談）,"https://www.google.com/maps/place/%E6%9D%89%E5%B1%B1%E5%8C%BB%E9%99%A2/@34.062624,134.320496,17z/data=!3m1!4b1!4m6!3m5!1s0x3553a426f13de21b:0x36c1eb8c700438b1!8m2!3d34.062624!4d134.320496!16s%2Fg%2F1tcvrp2q?entry=ttu"
197,17-11304 ,糸田川眼科,〒776－0010吉野川市鴨島町鴨島５２６－１８,吉野川市,0883-24-2531,糸田川　誠也,小児科,8:30~13:00,15:00~18:00,1,1,1,1,1,1,0,0,日・祝,金（午後）,0,0,0,入院設備のがあり、院内バリアフリーとなっています。専門が眼科さんなので学校で目をケガした時などもみていただけます。,"https://www.google.com/maps/place/%E7%B3%B8%E7%94%B0%E5%B7%9D%E7%9C%BC%E7%A7%91/@34.0732401,134.3550896,17z/data=!3m1!4b1!4m6!3m5!1s0x3553a12cf73a8971:0x1032ed69c69322ff!8m2!3d34.0732401!4d134.3550896!16s%2Fg%2F1tf7kcs6?entry=ttu"
198,17-11320 ,糸田川クリニック,〒776－0010吉野川市鴨島町鴨島５２６－１８,吉野川市,0883-24-7555,糸田川　美知子,小児科,9:00~13:00,0,1,1,1,1,1,1,0,0,日・祝,0,0,0,0,鴨島駅から西に徒歩3分の場所にありアクセス良好です。医師は女性なので男性が苦手なお子様も安心して受診できます。午前中のみの診療となります。,"https://www.google.com/maps/place/%E7%B3%B8%E7%94%B0%E5%B7%9D%E3%82%AF%E3%83%AA%E3%83%8B%E3%83%83%E3%82%AF/@34.0728495,134.355172,17z/data=!3m1!4b1!4m6!3m5!1s0x3553a13bb1aecadb:0x2e07417ecfaefb!8m2!3d34.0728495!4d134.355172!16s%2Fg%2F11sbmth661?entry=ttu"
199,17-11502 ,リバーサイドクリニック岡田,〒776－0014吉野川市鴨島町知恵島四ツ屋１７７４番１,吉野川市,0883-24-8884,岡田　哲,小児科,9:00~13:00,14:00~18:00,1,1,1,0,1,1,0,0,日・祝,木,0,0,0,吉野川と江川に挟まれた自然豊かな環境の下、トータルな診断治療また健康管理を心掛けておられます。院内はとてもリラックスできる雰囲気となっています。,"https://www.google.com/maps/place/%E3%83%AA%E3%83%90%E3%83%BC%E3%82%B5%E3%82%A4%E3%83%89%E3%82%AF%E3%83%AA%E3%83%8B%E3%83%83%E3%82%AF%E5%B2%A1%E7%94%B0/@34.081164,134.372511,17z/data=!3m1!4b1!4m6!3m5!1s0x3553a0ddc2090705:0x8e1f04313d6ab9b!8m2!3d34.081164!4d134.372511!16s%2Fg%2F1ts1kgdr?entry=ttu"
200,17-11593 ,石原小児科,〒776－0010吉野川市鴨島町鴨島３５３,吉野川市,0883-24-2388,石原　哲也,小児科,9:00~12:00,14:00~18:00,1,1,1,1,1,1,0,0,日・祝,木・土（午後）,0,0,0,病児・病後児保育制度を導入しているので、勤務の都合などにより病気中または病気の回復期にお子様を一時的に預かっていただけます。,"https://www.google.com/maps/place/%E7%9F%B3%E5%8E%9F%E5%B0%8F%E5%85%90%E7%A7%91/@34.071349,134.355378,17z/data=!3m1!4b1!4m6!3m5!1s0x3553a12ccbc2f57b:0xef281eb32e847f91!8m2!3d34.071349!4d134.355378!16s%2Fg%2F1tdvs3z0?entry=ttu"
201,17-13029 ,矢田医院,〒779－3307吉野川市川島町三ツ島字長塚３４６番地２,吉野川市,0883-25-2006,矢田　健太郎,小児科,9:00~12:30,0,1,1,1,1,1,1,0,0,日・祝,木（午後）,0,0,1,緊急時のお問い合わせには24時間対応してくださいます。電話に出られない場合がありますので必ず留守番電話にメッセージを残してください。,"https://www.google.com/maps/place/%E7%9F%A2%E7%94%B0%E5%8C%BB%E9%99%A2/@34.0635815,134.2752479,17z/data=!3m1!4b1!4m6!3m5!1s0x3553a51abfb1efbf:0x346466086c99d40d!8m2!3d34.0635815!4d134.2752479!16s%2Fg%2F1tf3lr14?entry=ttu"
202,17-13110 ,石原内科循環器科,〒776－0033吉野川市鴨島町飯尾１８７,吉野川市,0883-24-2536,石原　茂樹,小児科,9:00~13:00,15:00~19:00,1,1,1,1,1,1,0,0,日・祝,0,0,0,0,地域密着型の診療所です。最寄り駅からは距離があるので車での受診をお勧めします。近くに鴨の湯という温泉施設があります。,"https://www.google.com/maps/place/%E7%9F%B3%E5%8E%9F%E5%86%85%E7%A7%91%E5%BE%AA%E7%92%B0%E5%99%A8%E7%A7%91/@34.062097,134.35347,17z/data=!3m1!4b1!4m6!3m5!1s0x3553a6da946d77a3:0xf3e735e36d5c8737!8m2!3d34.062097!4d134.35347!16s%2Fg%2F1tgglgbz?entry=ttu"
203,17-13128 ,山下耳鼻咽喉科クリニック,〒779－3403吉野川市山川町堤外２１番地１,吉野川市,0883-42-7533,山下　利幸,小児科,9:00~12:30,15:00~18:30,1,1,1,0,1,1,0,0,日・祝,木,0,0,1,山瀬駅より徒歩5分のためアクセス良好です。院内はバリアフリーで夜間診療も対応していただけます。（※要相談）,"https://www.google.com/maps/place/%E5%B1%B1%E4%B8%8B%E8%80%B3%E9%BC%BB%E5%92%BD%E5%96%89%E7%A7%91/@34.0612551,134.2531902,17z/data=!3m1!4b1!4m6!3m5!1s0x3553a54978157f0f:0xd6a2be6c30226816!8m2!3d34.0612551!4d134.2531902!16s%2Fg%2F1wb8rj6y?entry=ttu"
204,17-13151 ,森住内科医院,〒776－0003吉野川市鴨島町内原字桑ノ内４８番地１,吉野川市,0883-22-3010,森住　啓,小児科,9:30~12:30,15:00~18:30,1,1,1,1,1,1,0,0,日・祝,木（午後）,0,0,0,"患者一人一人の気持ちに寄り添っていただける優しい先生がいらっしゃいます。小児科,内科,皮膚科,アレルギー科,循環器内科,胃腸内科,脳神経内科,リハビリテーション科,放射線科など様々な症状に対応していただけます。","https://www.google.com/maps/place/%E6%A3%AE%E4%BD%8F%E5%86%85%E7%A7%91%E5%8C%BB%E9%99%A2/@34.069407,134.372819,17z/data=!3m1!4b1!4m6!3m5!1s0x3553a0ce174d6087:0x50434a6bb767ba26!8m2!3d34.069407!4d134.372819!16s%2Fg%2F1wyc24gl?entry=ttu"
205,17-13169 ,麻名内科外科クリニック,〒776－0037吉野川市鴨島町上浦字市久保７７番地４,吉野川市,0883-26-0020,山下　恭治,小児科,9:00~12:00,12:00~19:00,1,1,1,1,1,1,0,0,日・祝,水（午後）,0,0,0,先生のスタッフの方もとても親切丁寧に対応してくださります。また、診察時間が長いので学校が終わったでも受診できます。,"https://www.google.com/maps/place/%E9%BA%BB%E5%90%8D%E5%86%85%E7%A7%91%E5%A4%96%E7%A7%91%E3%82%AF%E3%83%AA%E3%83%8B%E3%83%83%E3%82%AF/@34.072985,134.396453,17z/data=!3m1!4b1!4m6!3m5!1s0x3553a098c97fcd03:0x4bb9f33da025fd5b!8m2!3d34.072985!4d134.396453!16s%2Fg%2F1tcz647p?entry=ttu"
206,17-13177 ,四宮医院,〒779－3303吉野川市川島町桑村２５５５番地１,吉野川市,0883-25-2016,四宮　智好,小児科,9:00~12:30,0,1,1,1,1,1,1,0,0,日・祝,0,0,0,0,待合い室、診察室、検査室などを「ロ」の字型に配置し、中央にガラス張りの中庭があるためプライバシーを保ちつつ、光に満ちあふれた診療所となっています。また、午後は休診となっています。,"https://www.google.com/maps/place/%E5%9B%9B%E5%AE%AE%E5%8C%BB%E9%99%A2/@34.0575044,134.3007957,17z/data=!3m1!4b1!4m6!3m5!1s0x3553a5b4638db811:0x34da96095f794dd!8m2!3d34.0575044!4d134.3007957!16s%2Fg%2F1td6q17q?entry=ttu"
207,17-13201 ,かなめ小児科内科クリニック,〒776－0001吉野川市鴨島町牛島字四ツ家前３２７１番地９,吉野川市,0883-26-0310,岡田　要,小児科,9:00~12:30,14:00~18:00,1,1,1,1,1,1,0,0,日・祝,水・土（午後）,0,0,0,地域密着型でフレンドリーに接してくれるため、お子様の不安も軽減されて安心して受診することができます。,"https://www.google.com/maps/place/%E3%81%8B%E3%81%AA%E3%82%81%E5%B0%8F%E5%85%90%E7%A7%91%E3%83%BB%E5%86%85%E7%A7%91%E3%82%AF%E3%83%AA%E3%83%8B%E3%83%83%E3%82%AF/@34.080628,134.37513,17z/data=!3m1!4b1!4m6!3m5!1s0x3553a0ea2522afb9:0x64679f44f0b3fa74!8m2!3d34.080628!4d134.37513!16s%2Fg%2F1tjpnb1b?entry=ttu"
208,17-13292 ,杏和医院,〒776－0020吉野川市鴨島町西麻植字麻植市４０番地６,吉野川市,0883-22-0333,宍戸　和代,小児科,9:00~12:00,14:00~18:00,1,1,1,1,1,1,0,0,日・祝,土（午後）,0,0,0,院内はバリアフリーで、女性の医師が診察してくれるので男性が苦手なお子さんも安心して受診できます。,"https://www.google.com/maps/place/%E6%9D%8F%E5%92%8C%E5%8C%BB%E9%99%A2/@34.069165,134.3347859,17z/data=!3m1!4b1!4m6!3m5!1s0x3553a6bb1d125aed:0x8fbe42de0df5b471!8m2!3d34.069165!4d134.3347859!16s%2Fg%2F1v2dzb77?entry=ttu"
209,18-10403 ,田村医院,〒779－4101美馬郡つるぎ町貞光字宮下１２番地４,美馬郡,0883-62-5166,田村　肇,小児科,9:00~12:00,13:00~18:00,1,1,1,1,1,0,0,0,日・祝,土,0,0,0,貞光駅から徒歩5分でアクセス良好です。近くにドラッグストアやスーパーがあるので診察の帰りに看病に必要な備品などを買い揃えることができます。,"https://www.google.com/maps/place/%E7%94%B0%E6%9D%91%E5%8C%BB%E9%99%A2/@34.040537,134.0615263,17z/data=!4m15!1m8!3m7!1s0x3553ca49e895f95d:0xfa1d0d3a456595d5!2z44CSNzc5LTQxMDEg5b6z5bO255yM576O6aas6YOh44Gk44KL44GO55S66LKe5YWJ5a6u5LiL77yR77yS4oiS77yU!3b1!8m2!3d34.0404237!4d134.0636743!16s%2Fg%2F12hk8l7d2!3m5!1s0x3553ca49e897cb1b:0x2f854d194e07316c!8m2!3d34.040537!4d134.063715!16s%2Fg%2F1tlvmc2w?entry=ttu"
210,18-10411 ,田村医院一宇診療所,〒779－4302美馬郡つるぎ町一宇字赤松１３２２番地９,美馬郡,0883-67-2016,田村　肇,小児科,11:30~14:00,0,0,1,0,1,0,0,0,0,日・祝,月・水・金・土,0,0,0,火曜日と木曜日のみ診療しており診療時間も短くなっているのでご注意ください。,"https://www.google.com/maps/place/%E7%94%B0%E6%9D%91%E5%8C%BB%E9%99%A2/@33.954673,133.9943475,12z/data=!4m10!1m2!2m1!1z55Sw5p2R5Yy76Zmi5LiA5a6H6Ki655mC5omA44CA5b6z5bO2!3m6!1s0x355235069061bd2f:0xfd0a574dd5f601cd!8m2!3d33.954673!4d134.0643853!15sCiTnlLDmnZHljLvpmaLkuIDlrofoqLrnmYLmiYDjgIDlvrPls7aSAQlpbnRlcm5pc3TgAQA!16s%2Fg%2F1vr39_b9?entry=ttu"
211,18-14025 ,つるぎ町立半田病院,〒779－4401美馬郡つるぎ町半田字中藪２３４－１,美馬郡,0883-64-3145,須藤　泰史,小児科,8:30~17:15,0,1,1,1,1,1,0,0,0,日・祝,土,0,0,1,入院施設が完備された総合病院です。初診の場合基本的には紹介状が必要となります。急患の場合は夜間でも対応いただける可能性があります。（※要相談）,"https://www.google.com/maps/place/%E3%81%A4%E3%82%8B%E3%81%8E%E7%94%BA%E7%AB%8B%E5%8D%8A%E7%94%B0%E7%97%85%E9%99%A2/@34.0394338,134.0372821,17z/data=!3m1!4b1!4m6!3m5!1s0x3553cb98cd47211d:0xf302365edcf8efc7!8m2!3d34.0394338!4d134.0372821!16s%2Fg%2F122bxr1q?entry=ttu"
212,19-13074 ,さんさん医院,〒779－4701三好郡東みよし町加茂２５４６番地４,三好郡,0883-82-5410,川原　久須二,小児科,9:00~12:00,13:00~18:00,1,1,1,0,1,1,0,0,日・祝,木,土（午後）,0,0,医院長先生はとてもやさしく親身になって相談にのってくれるので安心感があります。最寄りの阿波加茂駅からは徒歩10分程かかるので、車でのアクセスをお勧めします。,"https://www.google.com/maps/place/%E3%81%95%E3%82%93%E3%81%95%E3%82%93%E5%8C%BB%E9%99%A2/@34.036738,133.918592,17z/data=!3m1!4b1!4m6!3m5!1s0x35522d3c49c30155:0xe7be97caca83ff80!8m2!3d34.036738!4d133.918592!16s%2Fg%2F1tp0bh7r?entry=ttu"
213,19-13082 ,松浦医院,〒779－4703三好郡東みよし町中庄２８番地,三好郡,0883-82-2309,松浦　章人,小児科,9:00~12:00,13:00~18:00,1,1,1,1,1,1,0,0,日・祝,土（午後）,0,0,0,院内バリアフリーで、徳島線江口駅から徒歩1分とアクセス良好です。,"https://www.google.com/maps/place/%E6%9D%BE%E6%B5%A6%E5%8C%BB%E9%99%A2/@34.037569,133.972321,17z/data=!3m1!4b1!4m6!3m5!1s0x3553cd2552da8709:0xb98dc789db88169a!8m2!3d34.037569!4d133.972321!16s%2Fg%2F1ts3j0m4?entry=ttu"
214,19-13165 ,くはらクリニック,〒771－2501三好郡東みよし町昼間１４８番地,三好郡,0883-76-5755,久原　孝,小児科,8:30~12:30,14:30~18:00,1,1,1,1,1,1,0,0,日・祝,木（午後）,0,0,0,ネット予約ができます。また、キッズスペースがあるのでお子様も退屈せずに待つことができます。,"https://www.google.com/maps/place/%E3%81%8F%E3%81%AF%E3%82%89%E3%82%AF%E3%83%AA%E3%83%8B%E3%83%83%E3%82%AF/@34.0413076,133.889929,17z/data=!3m1!4b1!4m6!3m5!1s0x35522cec4033dd25:0xdbe15c2bac00986e!8m2!3d34.0413076!4d133.889929!16s%2Fg%2F1v0lhl4z?entry=ttu"
215,80-30076 ,徳島大学病院,〒770－8503徳島市蔵本町２丁目５０番地の１,徳島市,088-631-3111,香美　祥二,小児科,8:30~17:00,0,1,1,1,1,1,0,0,0,日・祝,土,0,0,1,徳島の基幹病院です。初診の場合基本的には紹介状が必要となります。緊急外来も24時対応しております。（※要相談）,"https://www.google.com/maps/place/%E5%BE%B3%E5%B3%B6%E5%A4%A7%E5%AD%A6%E7%97%85%E9%99%A2/@34.0742112,134.51858,17z/data=!3m2!4b1!5s0x355372d0e28d131f:0xb8ac6e24aa5d7f8a!4m6!3m5!1s0x355372d0c234f4c3:0x38cc242abf2f6ce9!8m2!3d34.0742112!4d134.51858!16s%2Fg%2F122pwpy7?entry=ttu"
216,80-30068 ,独立行政法人国立病院機構徳島病院,〒776－8585吉野川市鴨島町敷地１３５４番地,吉野川市,0883-24-2161,近藤　秀治,小児科,8:00~11:00,0,1,1,1,1,1,0,0,0,日・祝,土,0,1,0,入院設備を完備した総合病院です。CTやMRIなど様々な最新設備が整っています。,"https://www.google.com/maps/place/%E5%9B%BD%E7%AB%8B%E7%97%85%E9%99%A2%E6%A9%9F%E6%A7%8B%E5%BE%B3%E5%B3%B6%E7%97%85%E9%99%A2/@34.056012,134.3369137,17z/data=!4m10!1m2!2m1!1z54us56uL6KGM5pS_5rOV5Lq65Zu956uL55eF6Zmi5qmf5qeL5b6z5bO255eF6Zmi44CA5b6z5bO2!3m6!1s0x3553a693f0e7eb65:0x399acaa2d5662132!8m2!3d34.056012!4d134.3391024!15sCjnni6znq4vooYzmlL_ms5Xkurrlm73nq4vnl4XpmaLmqZ_mp4vlvrPls7bnl4XpmaLjgIDlvrPls7aSARNnb3Zlcm5tZW50X2hvc3BpdGFs4AEA!16s%2Fg%2F12lnj6d6h?entry=ttu"
217,80-10031 ,独立行政法人国立病院機構東徳島医療センター,〒779－0193板野郡板野町大寺字大向北１－１,板野郡,088-672-1171,井内　新,小児科,8:00~11:00,0,1,1,1,1,1,0,0,0,日・祝,土,0,0,1,"入院施設を完備した総合病院で最新の医療機器が揃っています。初診の場合は紹介状があった方がスムースですが、なくても診察していただけます。（※別途1,650円の料金が発生します。）","https://www.google.com/maps/place/%E6%9D%B1%E5%BE%B3%E5%B3%B6%E5%8C%BB%E7%99%82%E3%82%BB%E3%83%B3%E3%82%BF%E3%83%BC/@34.136788,134.3982852,12z/data=!4m10!1m2!2m1!1z54us56uL6KGM5pS_5rOV5Lq65Zu956uL55eF6Zmi5qmf5qeL5p2x5b6z5bO25Yy755mC44K744Oz44K_44O844CA5b6z5bO2!3m6!1s0x3553747090375565:0x8ef32cd5cbe2b55b!8m2!3d34.136788!4d134.468323!15sCkjni6znq4vooYzmlL_ms5Xkurrlm73nq4vnl4XpmaLmqZ_mp4vmnbHlvrPls7bljLvnmYLjgrvjg7Pjgr_jg7zjgIDlvrPls7aSARdjb21tdW5pdHlfaGVhbHRoX2NlbnRlcuABAA!16s%2Fg%2F12lnhztyw?entry=ttu"
